Zachariah,M,5
York,M,5
Wes,M,5
Wes,M,5
Wes,M,5
Unknown,M,5
Theadore,M,5
Sampson,M,5
Sampson,M,5
Sampson,M,5
Sampson,M,5
Sampson,M,5
Sampson,M,5
Ransom,M,5
Ransom,M,5
Ransom,M,5
Payton,M,5
Payton,M,5
Nate,M,5
Nate,M,5
Nate,M,5
Nate,M,5
Nate,M,5
Mace,M,5
Mace,M,5
Mace,M,5
Mace,M,5
Mace,M,5
Mace,M,5
Lavern,M,5
Lavern,M,5
Lavern,M,5
Lavern,M,5
Lavern,M,5
Katherine,M,5
Katherine,M,5
Katherine,M,5
Katherine,M,5
Jabez,M,5
Jabez,M,5
Jabez,M,5
Jabez,M,5
Jabez,M,5
Irven,M,5
Irven,M,5
Halsey,M,5
Halsey,M,5
Halsey,M,5
Halsey,M,5
Halsey,M,5
Halsey,M,5
Halsey,M,5
Gardner,M,5
Gardner,M,5
Gardner,M,5
Gardner,M,5
Firman,M,5
Edie,M,5
Edie,M,5
Edie,M,5
Edie,M,5
Edie,M,5
Edie,M,5
Edie,M,5
Edie,M,5
Edie,M,5
Daisy,M,5
Daisy,M,5
Daisy,M,5
Daisy,M,5
Ceylon,M,5
Ceylon,M,5
Ceylon,M,5
Ceylon,M,5
Ceylon,M,5
Ceylon,M,5
Ceylon,M,5
Babe,Bradford,Bradley,M,5
Babe,Bradford,Bradley,M,5
Babe,M,5
Babe,M,5
Babe,M,5
Babe,M,5
Ab,M,5
Ab,M,5
Ab,M,5
Ab,M,5
Ab,M,5
Zeke,M,6
Yee,M,6
Wendell,M,6
Wendell,M,6
Vernie,M,6
Thad,M,6
Thad,M,6
Salomon,M,6
Salomon,M,6
Salomon,M,6
Salomon,M,6
Rafe,Reece,M,6
Rafe,Reece,M,6
Rafe,M,6
Rafe,M,6
Obed,M,6
Obed,M,6
Obed,M,6
Nellie,M,6
Nellie,M,6
Levy,M,6
Kirk,M,6
Ishmael,M,6
Hallie,M,6
Hallie,M,6
Hallie,M,6
Garry,M,6
Garry,M,6
Ferd,M,6
Edson,M,6
Edson,M,6
Edson,M,6
Edson,M,6
Edson,M,6
Edson,M,6
Damon,M,6
Damon,M,6
Damon,M,6
Damon,M,6
Damon,M,6
Caesar,M,6
Caesar,M,6
Caesar,M,6
Caesar,M,6
Caesar,M,6
Caesar,M,6
Caesar,M,6
Caesar,M,6
Ballard,M,6
Ballard,M,6
Adolf,Asher,M,6
Adolf,Asher,M,6
Adolf,M,6
Adolf,M,6
Adolf,M,6
Walton,M,7
Walton,M,7
Vance,M,7
Theron,M,7
Theron,M,7
Theron,M,7
Theron,M,7
Shelton,M,7
Rafael,M,7
Rafael,M,7
Rafael,M,7
Rafael,M,7
Percival,M,7
Orson,Orion,M,7
Len,M,7
Ivey,M,7
Gene,M,7
Eber,M,7
Eber,M,7
Delos,M,7
Delos,M,7
Chancy,M,7
Chancy,M,7
Chancy,M,7
Chancy,M,7
Bart,Bartholomew,Barton,M,7
Bart,Bartholomew,Barton,M,7
Bart,Bartholomew,Barton,M,7
Bart,Bartholomew,Barton,M,7
Bart,Bartholomew,Barton,M,7
Aden,M,7
Thurman,M,8
Thurman,M,8
Thurman,M,8
Shade,M,8
Shade,M,8
Randall,M,8
Randall,M,8
Randall,M,8
Quincy,M,8
Press,M,8
Odie,M,8
Odie,M,8
Odie,M,8
Manley,Manly,M,8
Lenard,Len,M,8
Lenard,Len,M,8
Ida,M,8
Ida,M,8
Harlan,Harl,Hoyt,M,8
Harlan,Harl,M,8
Fayette,Fleming,Flora,M,8
Fayette,M,8
Elder,M,8
Danial,Layton,Payton,M,8
Carleton,M,8
Carleton,M,8
Bernhard,M,8
Bernhard,M,8
Bernhard,M,8
Addie,M,8
Addie,M,8
Stonewall,M,9
Ramon,Damon,M,9
Obie,Orren,Orrie,M,9
Obie,Orren,Orrie,M,9
Obie,M,9
Obie,M,9
Manford,M,9
Lacy,M,9
Lacy,M,9
Lacy,M,9
Lacy,M,9
Lacy,M,9
Jones,M,9
Isadore,M,9
Isadore,M,9
Godfrey,M,9
Finis,M,9
Eben,Eliseo,M,9
Eben,M,9
Carson,M,9
Carson,M,9
Abel,M,9
Gardner,Gregory,M,10
Zeb,M,10
Waldo,Walton,M,10
Valentine,M,10
Urban,M,10
Urban,M,10
Shirley,M,10
Shirley,M,10
Palmer,M,10
Orie,M,10
Newt,M,10
Malachi,M,10
Lincoln,M,10
Lincoln,M,10
Lincoln,M,10
Haywood,M,10
Haywood,M,10
Haywood,M,10
Gideon,M,10
Elvin,M,10
Elvin,M,10
Darius,M,10
Darius,M,10
Darius,M,10
Benton,M,10
Rafe,Reece,M,11
Jarrett,Julious,M,11
Verne,M,11
Turner,M,11
Pablo,M,11
Olaf,M,11
Olaf,M,11
Marcellus,M,11
Justus,M,11
Herschel,M,11
Herschel,M,11
Gabe,Harlan,M,11
Gabe,M,11
Fate,M,11
Fate,M,11
Early,M,11
Dempsey,M,11
Cleveland,M,11
Basil,M,11
Basil,M,11
Basil,M,11
Basil,M,11
Adolf,Asher,M,12
Orson,Orion,M,12
Mac,Mace,M,12
Hal,Hallie,Halsey,Hardie,M,12
Watson,M,12
Watson,M,12
Watson,M,12
Watson,M,12
Thaddeus,Thad,M,12
Thaddeus,Thad,M,12
Thaddeus,Thad,M,12
Santiago,M,12
Rush,M,12
Mathias,M,12
Mathias,M,12
Mathias,M,12
Mathias,M,12
Lem,M,12
Jean,M,12
Dana,M,12
Dana,M,12
Dana,M,12
Clair,M,12
Clair,M,12
Bailey,M,12
Bailey,M,12
Bailey,M,12
Al,Alec,Almon,Alois,Alcide,Algie,Albion,Alpheus,M,12
Woodson,Wood,Worthy,M,13
Woodson,Wood,M,13
Manley,Manly,M,13
Harlan,Harl,Hoyt,M,13
Harlan,Harl,M,13
Fayette,Fleming,Flora,M,13
Fayette,Fleming,M,13
Webster,M,13
Webster,M,13
Webster,M,13
Ted,M,13
Rex,M,13
Rex,M,13
Oren,M,13
Merrill,M,13
Larry,M,13
Isham,M,13
Eldridge,M,13
Carey,M,13
Theo,Theophile,M,14
Eben,Eliseo,M,14
Young,M,14
Wm,M,14
Seymour,M,14
Raleigh,M,14
Raleigh,M,14
Omar,M,14
Mahlon,M,14
Lou,M,14
Howell,M,14
Enos,M,14
Dean,M,14
Dean,M,14
Cicero,M,14
Alford,M,14
Alford,M,14
Babe,Bradford,Bradley,M,15
Lenard,Len,M,15
Ramon,Damon,M,15
Hamp,Hampton,M,15
Wyatt,M,15
Tobe,M,15
Saul,M,15
Saul,M,15
Saul,M,15
Lige,M,15
Hector,M,15
Hector,M,15
Gabriel,M,15
Egbert,M,15
Egbert,M,15
Dell,M,15
Bennett,M,15
Sim,M,16
Pierce,Pierre,M,16
Larkin,M,16
Jules,M,16
Houston,M,16
Foster,M,16
Erwin,M,16
Boyd,M,16
Boyd,M,16
Axel,M,16
Bart,Bartholomew,Barton,M,17
Waldo,Walton,M,17
Cleveland,Colin,M,17
Henderson,Hence,Hunt,M,17
Melville,M,17
Leander,M,17
Israel,M,17
Hamilton,M,17
Carlos,M,17
Carlos,M,17
Hal,Hallie,Halsey,Hardie,Hollie,Holly,M,18
Hal,Hallie,Halsey,M,18
Aden,Arlington,Artie,M,18
Danial,Layton,Payton,M,18
Lindsey,Lindsay,M,18
Thaddeus,Thad,M,18
Henderson,Hence,M,18
Merrill,Montgomery,M,18
Otho,M,18
Malcolm,Mal,Malcom,M,18
Jesus,M,18
Isom,M,18
Giles,M,18
Fritz,M,18
Ephraim,M,18
Adrian,M,18
Gabe,Harlan,M,19
Garrett,Jarrett,M,19
Eldridge,Elsie,M,19
Zack,M,19
Wilmer,M,19
Stewart,M,19
Randolph,M,19
Addison,M,19
Obie,Orren,Orrie,M,20
Orin,M,20
Lawson,M,20
Isiah,M,20
Dallas,M,20
Dallas,M,20
Burl,Burley,M,21
Orlando,Orla,M,21
Karl,M,21
Hans,M,21
Abram,M,21
Sterling,Starling,M,22
Madison,M,22
Lafayette,M,22
Parker,Park,M,23
Fay,Fayette,M,23
Simeon,M,23
Jordan,M,23
Harmon,M,23
Elwood,M,23
Pleasant,Pleas,M,24
Wilford,Milford,M,24
Neil,M,24
Hugo,M,24
Seth,M,25
Judge,M,25
Fletcher,M,25
Earle,M,25
Dick,M,25
Micheal,Michel,M,26
Minor,Miner,M,26
Milo,M,26
Josiah,M,26
Freeman,M,26
Carroll,M,26
Mary,M,27
King,M,27
Dudley,M,27
Caleb,M,27
Abner,M,27
Major,M,28
Ivan,M,28
Benjiman,M,28
Adelbert,M,28
Pierce,Pierre,M,29
Sandy,Sanders,Handy,M,29
Ulysses,M,29
Ole,Olen,M,29
Douglas,M,29
Malcolm,Mal,Malcom,M,30
Ward,M,30
Lynn,M,30
Forest,M,30
Dewitt,M,30
Allan,Alpha,Alphonso,M,31
Pedro,M,31
Napoleon,M,31
Evan,Evans,M,32
Kenneth,M,32
Julian,M,32
Elisha,M,32
Chauncey,M,32
Ambrose,M,32
Erastus,Ernst,Erasmus,M,33
Wash,Winfred,M,33
Wayne,Warner,M,33
Ned,M,33
Morgan,M,33
Spencer,M,35
Josh,Hudson,M,36
Roland,M,36
Forrest,M,36
Lucien,Lucian,M,37
Ole,Olen,M,37
Lyman,Hyman,M,37
Taylor,M,37
Jeremiah,M,37
Arnold,M,37
Bennie,Jennie,Bernie,M,38
Mitchell,Mitchel,M,38
Ferdinand,Ferd,M,38
Van,Vann,M,38
Porter,M,38
Lucius,M,38
Sanford,Manford,M,39
General,Gene,M,39
Juan,M,39
Green,M,39
Ezra,M,39
Pink,Pinkney,M,40
Nick,M,40
Isaiah,M,40
Conrad,M,41
Madison,Jason,M,42
Bud,Budd,M,42
Tony,M,42
Ike,M,42
Mary,Morton,M,43
Neal,M,43
Luke,M,43
Anderson,M,43
Perley,Merle,Parley,M,44
Clem,Clement,Clemente,M,44
Delbert,M,44
Washington,Wash,M,45
Cecil,M,45
Bob,M,46
Marcus,M,47
Bruce,M,47
Vincent,Vance,M,48
Barney,Barnett,M,49
Ruben,Rubin,Rube,M,50
Gordon,M,51
Jerome,M,52
Monroe,M,53
Chas,M,53
Sherman,M,54
Rudolph,M,54
Cyrus,M,54
Dock,Doc,M,55
Preston,Press,M,55
Wade,M,56
Ellis,Elliott,Elliot,Allison,M,57
Andy,M,58
Abe,Abel,M,59
Hubert,M,59
Scott,M,60
Enoch,M,60
Max,Maxwell,M,61
Austin,Justin,M,61
Pearl,M,62
Jonas,Jonathan,Jones,Jonah,M,63
Columbus,M,64
Stanley,M,65
Elias,M,65
Rolla,Rollie,Rollin,Rolland,Rowland,M,66
Glenn,Glen,M,67
Mathew,Math,M,67
Al,Alec,Almon,Alois,Alcide,Algie,Albion,Alpheus,M,69
Steve,Steven,M,69
Arch,Archer,M,69
Ross,M,69
Bill,Billie,Billy,M,70
Russell,Russel,M,70
Orville,Orval,M,71
Lemuel,Lem,M,71
Miles,Giles,M,72
Wilson,M,72
Nicholas,M,73
Curtis,Curt,M,74
Phillip,M,75
Morris,Norris,M,75
Burt,Burton,M,76
Clayton,Clay,M,78
Owen,M,78
Grant,Granville,M,79
Leslie,M,79
Dock,Doc,Don,M,80
Lorenzo,Loren,Loran,Lorin,M,80
Newton,Newt,M,80
Virgil,M,81
Timothy,Tim,M,82
Mark,M,85
Vernon,Vern,Verne,M,86
Ora,Oran,Oral,M,86
Marshall,Marshal,M,86
Joshua,Josh,M,88
Alva,Alvah,M,88
Otis,M,88
Hiram,M,88
Earnest,M,88
Morris,Norris,M,89
Sylvester,M,89
Roscoe,M,90
Wallace,M,91
Ellis,Elliott,Elliot,Allison,M,92
Reuben,M,92
Maurice,M,93
Byron,Myron,M,94
Solomon,Sol,Solon,Salomon,Soloman,M,94
Ora,Oran,Oral,Allie,M,94
Mike,M,95
Jake,M,96
Wilbur,Wilburn,M,98
Silas,M,98
Felix,Felipe,M,100
Victor,M,100
Percy,Percival,M,101
Cornelius,Cornelious,M,102
Norman,M,102
Aaron,M,102
Noah,M,103
Jay,M,103
Simon,Sim,M,104
Adam,M,104
Abraham,Abram,Ab,M,107
Winfield,M,108
Jeff,Jefferson,M,109
Lester,M,109
Edmund,Edmond,M,111
Nelson,Nels,M,111
Mack,Mac,M,111
Levi,M,112
Jasper,Casper,M,113
Harold,M,113
Emmett,Emmet,Emmitt,M,115
Adolph,Adolphus,Adolf,M,116
Edd,Emory,Emerson,M,117
Wiley,Riley,M,119
Garfield,M,122
Leroy,M,124
Melvin,Melville,Mervin,M,126
Anton,Antonio,Alton,Anson,M,127
Everett,Evert,Everette,M,127
Wesley,Wes,M,128
Dennis,M,128
Amos,M,128
Anthony,M,130
Emil,Emile,M,131
Dave,M,131
Alonzo,Alonza,M,132
Lon,Lonnie,Lonzo,Lonie,M,134
Clifford,Cliff,M,134
Aaron,Alvie,Elvin,Albin,Alvia,M,135
Bernard,M,140
Clinton,Clifton,Clint,M,144
Gilbert,Wilbert,Wilber,M,153
Calvin,Cal,M,153
Milton,Wilton,M,156
Warren,M,158
Sidney,Sydney,Sid,M,161
Moses,Mose,M,163
Raymond,Ray,M,163
Julius,Junius,M,165
Chester,M,168
Willard,Millard,Willam,Dillard,Hillard,M,173
Matthew,Matt,Mat,Mattie,M,175
Stephen,M,176
Eddie,Edd,Addie,M,189
Marion,M,189
Elijah,Eli,Eligah,Eliza,Eliga,M,191
Nathan,Nathaniel,Nat,Nathanial,M,193
Horace,M,199
Christopher,Chris,Christian,Christ,M,202
Irvin,Irving,Ervin,Irwin,Irven,M,203
Philip,Phil,Philo,M,203
Homer,M,205
Allen,Allan,Alden,M,213
Clyde,M,221
Gus,Gustave,Gustav,Gust,Guss,Gustaf,Gustavus,M,224
Hugh,M,224
Oliver,M,234
Guy,M,239
Theodore,Theo,Theadore,M,246
Ira,M,249
Jack,Jackson,M,250
Patrick,Pat,M,260
Allen,Allan,Alden,Arch,Archibald,M,271
Otto,M,271
Luther,Rutherford,Auther,M,274
Luther,Rutherford,Auther,Laurence,M,282
Isaac,Issac,M,290
Paul,M,301
Raymond,Ray,M,307
Jerry,Perry,Berry,Terry,M,310
Ralph,M,317
Floyd,Lloyd,Cloyd,M,322
Alexander,Alex,Augustus,Angus,Augustine,Augustin,Augusta,M,324
Edwin,Erwin,M,325
Earl,Earle,Early,M,328
Martin,Marvin,Mart,M,354
Howard,M,357
Alexander,Alex,M,358
Lee,M,361
Herman,Hermann,Harman,Hermon,M,368
Jim,Jimmie,M,369
Earl,Earle,Early,M,371
Elmer,Elmore,Elder,M,390
Bert,Bertram,Bertrand,Bertie,Berton,M,393
Jacob,M,404
Claude,Claud,Claus,M,406
Carl,Carlos,Carlton,Carleton,M,410
Herbert,M,424
Martin,Marvin,Mart,M,434
Tom,Tomas,Tommie,Tommy,M,437
Harvey,Harley,Harve,Hervey,M,438
Leonard,Leo,Leon,M,465
Roy,Royal,M,466
Alfred,Alf,M,476
Lewis,Lew,Lewie,M,542
Oscar,M,544
Peter,Pete,M,546
Ernest,M,615
Andrew,Andres,Andre,M,664
Charlie,M,730
Richard,Rich,M,736
Joe,Joel,Joeseph,M,778
Daniel,Dan,Danial,M,791
Charlie,Clark,Clara,Clarance,Clare,M,803
Benjamin,Ben,Benjamine,Benjaman,M,820
Jesse,Jessie,Jess,Jessee,M,832
Louis,Louie,Lou,M,875
David,Davis,Davie,M,892
Samuel,Sam,Samual,M,1486
Albert,Elbert,Al,Albertus,Almer,M,1594
Arthur,Arther,Art,Authur,M,1638
Walter,Walker,M,1784
Fred,Frederick,Fredrick,Frederic,Freddie,M,2186
Harry,Harrison,Hardy,Harris,Larry,Garry,Harrie,M,2279
Robert,Roger,M,2440
Henry,M,2444
Thomas,M,2534
Joseph,Jose,M,2716
Edward,Ed,Edgar,M,2957
Frank,Francis,Franklin,Francisco,Frances,M,3741
George,Geo,M,5142
Charles,Charley,M,5653
James,M,5927
John,Johnnie,Johnny,Johnie,Johnson,M,9730
William,Will,Willie,Willis,Williams,Willian,M,10779
