Vere,M,5
Tucker,M,5
Teodoro,M,5
Proctor,M,5
Pliny,M,5
Peyton,M,5
Overton,M,5
Needham,M,5
Mansfield,M,5
Lytle,M,5
Luby,M,5
Iver,M,5
Isac,M,5
Gunder,M,5
Gill,M,5
Gertrude,M,5
Geroge,M,5
Gentry,M,5
Fielding,M,5
Farley,M,5
Fannie,M,5
Euclid,M,5
Eddy,M,5
Durward,M,5
Courtney,M,5
Cody,M,5
Clell,M,5
Bunk,M,5
Bowman,M,5
Ah,M,5
Winthrop,M,5
Sie,M,5
Shed,M,5
Orra,M,5
Orel,M,5
Norwood,M,5
Meredith,M,5
Lute,M,5
Lovie,M,5
Loring,M,5
Linton,M,5
Joy,M,5
Ingram,M,5
Haskell,M,5
Gay,M,5
Gale,M,5
Estill,M,5
Emett,M,5
Ceasar,M,5
Bose,M,5
Blanchard,M,5
Blake,M,5
Banks,M,5
Atlas,M,5
Ananias,M,5
Amado,M,5
Zed,M,5
Worley,M,5
Winifred,M,5
Willaim,M,5
True,M,5
Toby,M,5
Seldon,M,5
Sameul,M,5
Ruel,M,5
Rudy,M,5
Raphael,M,5
Rance,M,5
Orva,M,5
Nicolas,M,5
Loyal,M,5
Leverett,M,5
Leonce,M,5
Leigh,M,5
Laura,M,5
Kay,M,5
Jhon,M,5
Gaines,M,5
Fabian,M,5
Erle,M,5
Dionicio,M,5
Cortez,M,5
Conley,M,5
Caswell,M,5
Amon,M,5
Alcee,M,5
Alby,M,5
Wing,M,5
Wiliam,M,5
Verner,M,5
Vaughn,M,5
Talmage,M,5
Shannon,M,5
Robin,M,5
Pryor,M,5
Page,M,5
Mercer,M,5
Marrion,M,5
Lucy,M,5
Lawerence,M,5
Kyle,M,5
Jared,M,5
Garner,M,5
Esta,M,5
Esequiel,M,5
Emry,M,5
Darrell,M,5
Craig,M,5
Conway,M,5
Champ,M,5
Atticus,M,5
Arden,M,5
Alto,M,5
Santos,M,5
Phineas,M,5
Nova,M,5
Norval,M,5
Nora,M,5
Nimrod,M,5
Nate,M,5
Murdock,M,5
Moroni,M,5
Merida,M,5
Manson,M,5
Lavern,M,5
Knute,M,5
Kit,M,5
Justice,M,5
Isam,M,5
Hays,M,5
Gorge,M,5
Elick,M,5
Edie,M,5
Denver,M,5
Ceylon,M,5
Baldwin,M,5
Aurthur,M,5
Agustus,M,5
Stanislaus,M,6
Roby,M,6
Purl,M,6
Prentice,M,6
Osie,M,6
Odis,M,6
Odin,M,6
Ignatz,M,6
Hjalmer,M,6
Helmer,M,6
Fulton,M,6
Elden,M,6
Dozier,M,6
Zeno,M,6
Thurlow,M,6
Robt,M,6
Olof,M,6
Mell,M,6
Mabel,M,6
Randle,M,6
Jobe,M,6
Cooper,M,6
Camille,M,6
Alexis,M,6
Tolbert,M,6
Dixon,M,6
Casimiro,M,6
Acie,M,6
Ruby,M,6
Redden,M,6
Ishmael,M,6
Hope,M,6
Hattie,M,6
Friend,M,6
Cruz,M,6
Cato,M,6
Candido,M,6
Blas,M,6
Anastacio,M,6
Thurston,M,7
Sullivan,M,7
Ewald,M,7
Adelard,M,7
Wess,M,7
Rogers,M,7
Effie,M,7
Bernice,M,7
Newman,M,7
Lora,M,7
Gail,M,7
Fisher,M,7
Eustace,M,7
Adolfo,M,7
Raoul,M,7
Clovis,M,7
Benito,M,7
Son,M,8
Hayward,M,8
Donaciano,M,8
Gibson,M,8
Armstead,M,8
Knox,M,8
Ambers,M,8
Marquis,M,8
Oakley,M,9
Jens,M,9
Deforest,M,9
Sebron,Sebron,M,10
Dink,Dink,M,10
Norton,Norton,M,10
Lott,Lot,M,10
Lamar,Lazarus,M,10
Fremont,Fremont,M,10
Essex,Essex,M,10
Bluford,Bluford,M,10
Bayard,Bayard,M,10
Alvy,Alvy,M,10
Waverly,Waverly,M,10
Prosper,Prosper,M,10
Primus,Primus,M,10
Less,Less,M,10
Harvie,Harvie,M,10
Zachariah,Zachariah,M,10
Mace,Mace,M,10
Jodie,Jodie,M,10
Hayden,Hayden,M,10
Esau,Esau,M,10
Duff,Duff,M,10
Daisy,Daisy,M,10
Boston,Boston,M,10
Babe,Babe,M,10
Arvid,Arvid,M,10
Abbott,Abb,M,10
Ella,Ella,M,11
Toy,Toy,M,11
Jeptha,Jep,M,11
Booker,Booker,M,11
Severt,Severt,M,11
Linn,Linn,M,11
Lane,Lane,M,11
Juluis,Juluis,M,11
Emit,Emit,M,11
Cap,Captain,M,11
Sheppard,Shep,M,11
Myrtle,Myrtle,M,11
Leonidas,Leonidas,M,11
Elroy,Elroy,M,11
Ashby,Ashby,M,11
Stacy,Stacy,M,11
Rafe,Rafe,M,11
Holmes,Holmes,M,11
Clarke,Clarke,M,11
Caesar,Caesar,M,11
Wayman,Wayland,M,12
Lars,Lars,M,12
Ewell,Ewell,M,12
Ellwood,Ellwood,M,12
Seaborn,Seaborn,M,12
Lemon,Lemon,M,12
Seward,Seward,M,12
Campbell,Campbell,M,12
Orlo,Orlo,M,12
Ashton,Ashton,M,12
Plummer,Plummer,M,12
Helen,Helen,M,12
Presley,Presley,M,12
Gardner,Gardner,M,12
Zeke,Zeke,M,12
Tyler,Tyler,M,12
Aden,Aden,M,12
Sarah,Sarah,M,13
Love,Love,M,13
Domingo,Domingo,M,13
Hilary,Hilary,M,13
Benedict,Benedict,M,13
Murphy,Murphy,M,13
Alice,Alice,M,13
Wirt,Wirt,M,13
Weaver,Weaver,M,13
Ivey,Ivey,M,13
Ruffus,Ruffus,M,14
Todd,Todd,M,14
Hartwell,Hartwell,M,14
Roe,Roe,M,14
Edith,Edith,M,14
Odell,Odell,M,15
Lenzy,Linzy,Linzy,M,15
Alan,Alan,M,15
Darwin,Darwin,Darwin,M,15
Guadalupe,Guadalupe,M,15
Schuyler,Schuyler,Schuyler,M,15
Matthias,Matthias,Matthias,M,15
Judd,Judd,Judd,M,15
Jabez,Jabe,Jabez,M,15
Crockett,Crockett,Crockett,M,15
Shade,Shade,M,15
Leopold,Leopold,M,15
Stonewall,Stonewall,M,15
Cullen,Cullen,M,15
Festus,Festus,M,16
Moody,Moody,Moody,M,16
Elva,Elva,Elva,M,16
Hubbard,Hubbard,Hubbard,M,16
Sebastian,Sebastian,M,16
Lue,Lue,M,16
Winston,Winston,Winston,M,16
Huey,Huey,Huey,M,16
Gottlieb,Gottlieb,Gottlieb,M,16
Enrique,Enrique,Enrique,M,16
Erie,Erie,Erie,M,16
Darius,Darius,M,16
Ethan,Ethan,M,17
York,York,York,M,17
Sylvanus,Sylvanus,Sylvanus,M,17
Spurgeon,Spurgeon,Spurgeon,M,17
Lawyer,Lawyer,Lawyer,M,17
Katherine,Oather,Catherine,M,17
Gee,Gee,Gee,M,17
Cyril,Cyril,Cyril,M,17
Cleo,Cleo,Cleon,M,17
Elam,Elam,Elam,M,17
Rose,Rose,Rose,M,17
Landon,Landon,Landon,M,18
Callie,Callie,Callie,M,18
Griffin,Griffin,Griffin,M,18
Dominick,Dominick,Dominick,M,18
Tilmon,Tilman,Tilman,M,18
Yee,Yee,Yee,M,18
Vernie,Vernie,Vernie,M,18
Stanford,Stafford,Stafford,M,18
Ethel,Ethel,Ethel,M,18
Roderick,Roderick,Roderick,M,18
Osborne,Osborn,Osborne,M,18
Tilden,Tilden,Tilden,M,18
Gerhard,Gerhard,Gerhard,M,19
Cameron,Cameron,Cameron,M,19
Vicente,Vicente,Vicente,M,19
Ace,Ace,Ace,M,19
Kirby,Kirby,Kirby,M,19
Elsworth,Elsworth,Elsworth,M,19
Thos,Thos,Thos,M,19
Oda,Oda,Oda,M,19
Doss,Doss,Doss,M,19
Algie,Algie,Algie,M,19
French,French,French,M,20
Olie,Olie,Olie,M,20
Boss,Boss,Boss,M,20
Dow,Dow,Dow,M,20
Brooks,Brooks,Brooks,M,20
Armand,Armand,Armand,M,20
Littleton,Little,Little,Littleton,M,21
Meyer,Meyer,Meyer,M,21
Lucas,Lucas,Lucas,M,21
Theophile,Theophile,Theophilus,Theophilus,M,21
Tobias,Tobias,Tobias,M,21
Ples,Ples,Ples,M,21
Eber,Eber,Eber,M,21
Uriah,Uriah,Uriah,M,21
Tollie,Vollie,Zollie,M,22
Ewing,Ewin,Ewin,Ewing,M,22
Burke,Burnett,Burke,Burgess,M,22
Bessie,Bessie,Bessie,M,22
Chalmers,Chalmer,Chalmers,Chalmers,M,22
Stanton,Stanton,Stanton,Stanton,M,22
Obed,Obe,Obe,Obe,M,22
Grace,Grace,Grace,M,22
Elihu,Elihu,Elihu,M,22
Cora,Cora,Cora,M,22
Golden,Golden,Golden,Golden,M,22
Duke,Duke,Duke,Duke,M,22
Creed,Creed,Creed,M,22
Huston,Huston,Huston,M,22
Rice,Rice,Rice,M,22
Reinhold,Reinhold,Reinhold,M,23
Malachi,Malachi,Malachi,M,23
Chesley,Chesley,Chesley,Chesley,M,24
Wilhelm,Wilhelm,Wilhelm,Wilhelm,M,24
Titus,Titus,Titus,Titus,M,24
Sammie,Sammie,Simmie,Sammie,M,24
Kirk,Kirk,Kirk,M,24
Delos,Delos,Delos,Delos,M,24
Graham,Graham,Graham,Graham,M,25
Ely,Ely,Ely,M,25
Commodore,Commodore,Commodore,Commodore,M,25
Bruno,Bruno,Bruno,Bruno,M,25
Bedford,Bedford,Bedford,Bedford,M,25
Romeo,Rome,Rome,Rome,M,25
Carrie,Carrie,Carrie,Carrie,M,25
Jarvis,Jarvis,Jarvis,M,26
Edna,Edna,Edna,Edna,M,26
Manning,Manning,Manning,Manning,M,26
Linwood,Linwood,Linwood,Linwood,M,26
Hosteen,Hosteen,Hosie,Hosteen,M,26
Hershel,Hershel,Hershel,Hershel,M,26
Alpheus,Alpheus,Alpheus,Alpheus,M,26
Alcide,Alcide,Alcide,Alcide,M,26
Lionel,Lionel,Lionel,Lionel,M,26
Bernhard,Bernhard,Bernhard,Bernhard,M,26
Dempsey,Dempsey,Dempsey,M,26
Bascom,Bascom,Bascom,M,27
Okey,Okey,Okey,M,27
Woodie,Woodie,Woodie,Woodie,M,27
Unknown,Unknown,Unknown,Unknown,M,27
Gary,Gary,Gary,Gary,M,27
Ballard,Ballard,Ballard,Ballard,M,27
Annie,Annie,Annie,Annie,M,27
Albion,Albion,Albion,Albion,M,27
Bird,Bird,Bird,Bird,M,27
Ossie,Essie,Essie,Ossie,M,27
Octave,Octave,Octave,M,27
Elige,Eliseo,Elige,Elige,M,27
Volney,Volney,Volney,M,27
Wright,Wright,Wright,Wright,M,28
Harl,Harlow,Harlie,Harlow,Harlow,M,28
Nellie,Nellie,Nellie,Nellie,M,28
Tillman,Tillman,Tillman,M,28
Rene,Rene,Rene,Rene,Rene,M,29
Hyrum,Hyrum,Hyrum,Hyrum,M,29
Delmar,Delmar,Delmar,Delmar,Delmar,M,29
Coy,Coy,Coy,Coy,M,29
Chancy,Chance,Chancey,Chancy,Chancy,M,29
Isreal,Isreal,Isreal,Isreal,M,29
Collins,Collie,Collins,Collie,M,30
Ocie,Ocie,Ocie,Ocie,M,30
Roswell,Roswell,Roswell,Roswell,Roswell,M,30
Ludwig,Ludwig,Ludwig,Ludwig,M,30
Orie,Orie,Orie,Orie,M,30
Lambert,Lambert,Lambert,Lambert,M,31
Harper,Harper,Harper,Harper,M,31
Gregorio,Gregory,Gregory,Gregg,Gregorio,Gregory,M,31
Edson,Edson,Edson,Edson,Edson,M,31
Ida,Ida,Ida,Ida,Ida,M,31
Hayes,Hayes,Hayes,Hayes,M,31
Justus,Justus,Justus,Justus,M,31
Whit,Whit,Whit,Whitney,Whit,M,32
Gaston,Gaston,Gaston,Gaston,M,32
Byrd,Byrd,Byrd,Byrd,M,32
Humphrey,Humphrey,Humphrey,Humphrey,Humphrey,M,32
Tracy,Tracy,Tracy,Tracy,M,32
Butler,Butler,Butler,Butler,M,32
Lafe,Lafe,Lafe,M,32
Archer,Archer,Archer,Archer,M,32
Curley,Hurley,Hurley,Curley,Hurley,M,33
Reed,Reed,Reed,Reed,M,33
Bee,Bee,Bee,Bee,Beecher,M,33
Lillie,Lillian,Lillian,Lillie,Lillian,Lillie,M,33
Dora,Dora,Dora,Dora,M,33
Watt,Watt,Watt,Watt,M,33
Hardin,Hardie,Hardie,Hardin,Hardin,Hardie,M,33
Orley,Orley,Orley,Orley,Orley,M,33
Urban,Urban,Urban,Urban,Urban,M,33
Horatio,Horatio,Horatio,Horatio,M,33
Ebb,Ebbie,Ebbie,Ebb,Ebb,Ebbie,M,34
Maud,Maude,Maude,Maude,Maud,Maude,M,34
Dale,Dale,Dale,Dale,M,34
Brown,Brown,Brown,M,34
Ennis,Ennis,Ennis,Ennis,Ennis,M,34
Rafael,Rafael,Rafael,Rafael,Rafael,M,34
Worth,Worthy,Worth,Worth,Worth,M,34
Ivory,Ivory,Ivory,Ivory,M,34
Ford,Ford,Ford,Ford,M,34
Ernie,Ernie,Ernie,Ernie,M,35
Obie,Obie,Obie,Obie,Obie,M,35
Gabe,Gabe,Gabe,Gabe,Gabe,M,35
Saul,Saul,Saul,M,35
Paris,Paris,Paris,Paris,M,36
Carter,Carter,Carter,M,36
Levy,Levy,Levy,Levy,Levy,M,36
Author,Author,Author,Author,Author,M,36
Toney,Toney,Toney,Toney,Toney,M,36
Theron,Theron,Theron,Theron,M,36
Thurman,Thurman,Thurman,Thurman,Thurman,M,36
Ashley,Ashley,Ashley,Ashley,Ashley,M,36
Llewellyn,Llewellyn,Llewellyn,Llewellyn,M,36
Wong,Wong,Wong,Wong,M,36
Quincy,Quincy,Quincy,Quincy,Quince,M,37
Flem,Fleming,Flem,Fleming,Fleming,Fleming,M,37
Godfrey,Godfrey,Godfrey,Godfrey,M,37
Doctor,Doctor,Doctor,Doctor,M,37
Webb,Webb,Webb,Webb,M,37
Santiago,Santiago,Santiago,Santiago,M,37
Firman,Furman,Furman,Furman,Furman,M,38
Wendell,Wendell,Wenzel,Wendell,Wendell,M,38
Birt,Birt,Birt,Birt,Birt,M,38
Hoy,Hoyt,Hoyt,Hoy,Hoyt,Hoyt,M,38
Pablo,Pablo,Pablo,Pablo,M,38
Baxter,Baxter,Baxter,Baxter,Baxter,M,38
Angelo,Angelo,Ansel,Ancel,Angelo,Ancel,M,39
Palmer,Palmer,Palmer,Palmer,M,39
Elie,Elie,Elie,Elie,Elie,M,40
Chin,Chin,Chin,Chin,Chin,M,40
Asberry,Asher,Asberry,Asher,Asberry,Asberry,M,40
Vivian,Vivian,Vivian,Vivian,Vivian,M,40
Buster,Buster,Buster,Buster,Buster,M,40
Lincoln,Lincoln,Lincoln,Lincoln,M,40
Buford,Buford,Buford,Buford,M,40
Ottis,Ottis,Ottie,Ottis,Ottis,Ottie,M,41
Dayton,Layton,Payton,Dalton,Layton,Dayton,Dalton,M,41
Eben,Eben,Eben,Eben,Ebenezer,M,41
Travis,Travis,Travis,Travis,M,41
Isham,Isham,Isham,Isham,Isham,M,41
Asbury,Asbury,Asbury,Asbury,Asbury,M,42
Fernando,Fernand,Fernando,Fernando,Fernando,Fern,M,42
Carson,Carson,Carson,Carson,M,42
Gideon,Gideon,Gideon,Gideon,Gideon,Gid,M,42
Emma,Emma,Emma,Emma,Emma,M,42
Bailey,Bailey,Bailey,Bailey,Bailey,M,42
Wheeler,Wheeler,Wheeler,Wheeler,M,42
Ivy,Ivy,Ivy,Ivy,Ivy,M,43
Connie,Connie,Connie,Donnie,Connie,Connie,M,43
Manley,Manly,Manly,Manley,Manley,Manley,M,43
Sumner,Sumner,Sumner,Sumner,Sumner,M,43
Alec,Alec,Alec,Alec,Alec,Aleck,M,43
Drew,Drew,Drew,Drew,Drew,M,44
Dexter,Dexter,Dexter,Dexter,Dexter,M,44
Lyle,Lyle,Lyle,Lyle,Lyle,M,44
Price,Price,Price,Price,Price,M,44
Otha,Otha,Otha,Otha,Otha,M,44
Lacy,Lacy,Lacy,Lacy,Lacy,M,44
Denis,Denis,Denis,Denis,Denis,M,44
Maynard,May,Maynard,Maynard,May,M,44
Egbert,Egbert,Egbert,Egbert,Egbert,M,44
Margaret,Margaret,Margarito,Margaret,Margaret,M,45
Odie,Odie,Odie,Odie,Odie,M,45
Ephriam,Ephriam,Ephriam,Ephriam,M,45
Elizabeth,Elizabeth,Elizabeth,Elizabeth,M,45
Hilliard,Hilliard,Hilliard,Hilliard,Hilliard,Hill,M,45
Hunter,Hunt,Hunter,Hunter,Hunter,Hunter,M,45
Shelton,Sheldon,Shelton,Shelton,Sheldon,Shelton,M,46
Orson,Orion,Orson,Orson,Orson,Orson,M,46
Miller,Miller,Miller,Miller,Miller,M,47
June,June,June,June,June,M,47
Alma,Alma,Alma,Alma,M,48
Hector,Hector,Hector,Hector,Hector,M,48
Buck,Buck,Buck,Buck,Buck,M,49
Richmond,Richmond,Richmond,Richmond,Richmond,M,49
Aron,Aron,Aron,Aron,Aron,M,49
Oswald,Oswald,Oswald,Oswald,Oswald,M,49
Finis,Finis,Finis,Finis,Finis,M,50
Noel,Noel,Noel,Noel,Noel,M,50
Wylie,Wylie,Wylie,Wylie,Wylie,M,50
Rupert,Rupert,Rupert,Rupert,Rupert,M,51
Marcellus,Marcellus,Marcel,Marcellus,Marcellus,Marcellus,Marcel,M,51
Basil,Basil,Basil,Basil,Basil,M,51
Brad,Bradford,Bradley,Bradley,Bradley,Bradley,Brady,Brady,M,52
Shirley,Shirley,Shirley,Shirley,Shirley,M,52
Finley,Finley,Finley,Finley,Finley,M,52
Miguel,Miguel,Miguel,Miguel,Miguel,M,52
Dana,Dana,Dana,Dana,Dana,M,52
Bishop,Bishop,Bishop,Bishop,Bishop,M,52
Larkin,Larkin,Larkin,Larkin,Larkin,M,52
Ransom,Ransom,Ransom,Ransom,Ransom,M,53
Randall,Randall,Randall,Randall,Randall,M,53
Wellington,Wellington,Wells,Wellington,Wellington,Wells,M,53
Troy,Troy,Troy,Troy,Troy,M,54
Zeb,Zeb,Zeb,Zeb,Zeb,M,54
Hezekiah,Hezekiah,Hezekiah,Hezekiah,Hezekiah,M,54
Crawford,Crawford,Crawford,Crawford,Crawford,M,55
Fate,Fate,Fate,Fate,Fate,M,55
Rush,Rush,Rush,Rush,Rush,M,55
Rodney,Rodney,Rodney,Rodney,Rodney,M,55
Young,Young,Young,Young,Young,M,55
Omar,Omar,Omar,Omar,Omar,M,55
Bryant,Bryant,Bryant,Bryan,Bryant,Bryant,M,55
Sampson,Sampson,Sampson,Sampson,Simpson,Simpson,Sampson,M,56
Jewel,Newell,Newell,Newell,Jewell,Newell,Jewel,M,56
Eric,Eric,Eric,Eric,Erick,Eric,M,56
Seymour,Seymour,Seymour,Seymour,Seymour,M,56
Woodson,Wood,Wood,Wood,Woodson,Woody,Woody,Woodson,Woody,M,57
Beverly,Beverly,Beverly,Beverly,Beverly,M,57
Ted,Ted,Ted,Ted,Ted,M,57
Squire,Squire,Squire,Squire,Squire,M,57
Herschel,Herschel,Herschel,Herschel,Herschel,M,58
Mortimer,Mortimer,Mortimer,Mortimer,Mortimer,M,58
Mahlon,Mahlon,Mahlon,Mahlon,Mahlon,M,58
Kelly,Kelly,Kelly,Kelley,Kelly,Kelly,Kelley,M,59
Minnie,Minnie,Mannie,Minnie,Minnie,Mannie,Mannie,M,59
Thornton,Thornton,Thornton,Thornton,Thornton,M,59
Luis,Luis,Luis,Luis,Luis,M,59
Dolphus,Dolph,Dolphus,Dolphus,Dolph,Dolphus,Dolph,Dolphus,M,60
Lum,Lum,Lum,Lum,Lum,M,60
Wyatt,Wyatt,Wyatt,Wyatt,Wyatt,M,60
Stuart,Stuart,Stuart,Stuart,Stuart,M,60
Merritt,Merritt,Gerrit,Merritt,Merritt,Merritt,M,60
Isadore,Isadore,Isidore,Isadore,Isidore,Isadore,Isidor,Isadore,Isidore,M,61
Rex,Rex,Rex,Rex,Rex,M,61
Merrill,Merrill,Merrill,Merrill,Merrill,M,61
Reginald,Reginald,Reginald,Reginald,Reginald,M,61
Cary,Cary,Cary,Cary,Cary,M,61
Florence,Flora,Florence,Florence,Florencio,Florence,Florence,M,62
Burr,Burrell,Burr,Burrell,Burr,Burr,Burrel,Burrell,M,62
Shelby,Shelby,Shelby,Shelly,Shelby,Shelby,M,63
Jesus,Jesus,Jesus,Jesus,Jesus,M,63
Duncan,Duncan,Duncan,Duncan,Duncan,M,64
Anna,Anna,Anna,Anna,M,64
Henery,Henery,Henery,Henery,Henery,M,65
Dean,Dean,Dean,Dean,Dean,M,65
Bennett,Bennett,Bennett,Bennett,Bennett,M,65
Junious,Julious,Julious,Junior,Junious,Julious,Julious,Junious,Julious,Junious,M,66
Leland,Leland,Leland,Leland,Leland,M,66
Hosea,Hosea,Hosea,Hosea,Hosea,M,66
Dorsey,Dorsey,Dorsey,Dorsey,Dorsey,M,66
Tobe,Tobe,Tobe,Tobe,Tobe,M,66
Turner,Turner,Turner,Turner,Turner,M,67
Cicero,Cicero,Cicero,Cicero,Cicero,M,67
Hollis,Hollie,Holly,Hollis,Hollis,Hollie,Hollis,Hollie,Hollis,M,68
Watson,Watson,Watson,Watson,Watson,M,68
Elzie,Elsie,Elzie,Elzie,Elzie,Elzie,Elgie,M,68
Dell,Dell,Dell,Dell,Dell,M,68
Mathias,Mathias,Mathias,Mathias,Mathias,M,69
Eldridge,Eldridge,Elbridge,Eldridge,Eldred,Eldred,Eldridge,Elbridge,Eldridge,M,69
Haywood,Haywood,Haywood,Haywood,Haywood,M,70
Axel,Axel,Axel,Axel,Axel,M,70
Webster,Webster,Webster,Webster,Webster,M,71
Elmo,Elmo,Elmo,Elmo,Elmo,M,71
Gerald,Gerald,Gerald,Gerald,Gerald,M,72
Lucious,Lucious,Lucious,Lucious,Lucious,M,74
Olin,Olin,Olin,Olin,Olin,M,74
Cassius,Cassius,Cas,Cass,Cassius,Cassius,Cass,Cassius,M,74
Ephraim,Ephraim,Ephram,Ephraim,Ephraim,Ephraim,M,74
Houston,Houston,Houston,Houston,Houston,M,75
Fritz,Fritz,Fritz,Fritz,Fritz,M,75
Reese,Reece,Reece,Reese,Reese,Reece,Reece,Reese,Reese,Reece,M,76
Elton,Elton,Eldon,Elton,Elton,Elton,Eldon,M,76
Ezekiel,Ezekiel,Ezekiel,Ezekiel,Ezekiel,M,76
Adrian,Adrian,Adrien,Adrian,Adrian,Adrian,M,76
Jean,Jean,Jean,Jean,Jean,M,77
Raleigh,Raleigh,Raleigh,Raleigh,Raleigh,M,77
Alford,Alford,Alford,Alford,Alford,M,77
Avery,Avery,Avery,Avery,Avery,M,78
Colonel,Colin,Colonel,Colin,Colonel,Colin,Colonel,Colin,Colonel,M,79
Clair,Clair,Blair,Clair,Clair,Blair,Clair,Blair,M,79
Mont,Montgomery,Mont,Monte,Montgomery,Mont,Mont,Montgomery,Mont,Monte,M,80
Smith,Smith,Smith,Smith,Smith,M,80
Valentine,Valentine,Valentine,Val,Valentine,Valentine,M,81
West,West,West,Weston,West,West,Weston,M,81
Howell,Howell,Lowell,Howell,Lowell,Howell,Lowell,Powell,Howell,M,81
Orin,Orin,Orin,Orin,Orin,M,81
Dwight,Dwight,Dwight,Dwight,Dwight,M,82
Carey,Carey,Carey,Carey,Carey,M,82
Parker,Park,Parker,Park,Parker,Park,Parker,Parker,M,82
Lawson,Lawson,Lawson,Lawson,Lawson,M,82
Noble,Noble,Noble,Noble,Noble,M,83
Ramon,Damon,Ramon,Ramon,Ramon,Ramon,Namon,M,83
Coleman,Coleman,Coley,Coleman,Coleman,Coley,Coleman,M,83
Gabriel,Gabriel,Gabriel,Gabriel,Gabriel,M,83
Wilmer,Wilmer,Wilmer,Wilmer,Wilmer,M,83
Olaf,Ola,Olaf,Olaf,Olaf,Olaf,Ola,M,84
Oren,Oren,Oren,Oren,Oren,M,84
Truman,Truman,Truman,Truman,Truman,M,85
Wm,Wm,Wm,Wm,Wm,M,85
Enos,Enos,Enos,Enos,Enos,M,85
Randolph,Randolph,Randolph,Randolph,Randolph,M,85
Prince,Prince,Prince,Prince,Prince,M,86
Adelbert,Adelbert,Adelbert,Adelbert,Adelbert,M,87
Hamilton,Hamilton,Hamilton,Hamilton,Hamilton,M,88
Minor,Miner,Minor,Minor,Minor,Miner,Minor,Miner,M,88
Benton,Benton,Denton,Belton,Benton,Benton,Belton,Fenton,Benton,M,90
Ellsworth,Ellsworth,Ellsworth,Ellsworth,Ellsworth,M,90
Henderson,Hence,Henderson,Henderson,Henderson,Henderson,M,90
Aubrey,Aubrey,Aubrey,Aubrey,Aubrey,M,90
Simeon,Simeon,Simeon,Simeon,Simeon,M,91
Sterling,Starling,Sterling,Starling,Sterling,Sterling,Sterling,M,92
Micheal,Michel,Micheal,Micheal,Micheal,Michel,Micheal,M,92
Hamp,Hampton,Hamp,Hampton,Hamp,Hampton,Hampton,Hamp,Hampton,Hamp,M,94
Loyd,Loyd,Loy,Loyd,Loyd,Loyd,Loy,M,94
Addison,Addison,Addison,Addison,Addison,M,94
Orlando,Orla,Orlando,Orla,Orlando,Orla,Orlando,Orlando,Orla,M,95
Jordan,Jordan,Jordan,Jordan,Jordan,M,95
Neil,Neil,Neil,Neil,Neil,M,95
Elza,Elza,Elza,Elza,Elza,M,95
Thaddeus,Thad,Thaddeus,Thad,Thad,Thaddeus,Thaddeus,Thad,Thaddeus,Thad,M,96
Aloysius,Alois,Aloysius,Alois,Aloysius,Alois,Aloysius,Alois,Aloysius,Alois,M,96
Lige,Lige,Lige,Lige,Lige,M,96
Pleasant,Pleas,Pleasant,Pleas,Pleas,Pleasant,Pleas,Pleasant,Pleasant,Pleas,M,97
Murray,Murray,Murray,Murry,Murray,Murray,Murry,M,97
Lenard,Len,Lenard,Len,Lenard,Len,Len,Lenard,Len,Lenard,M,98
Harmon,Harmon,Harmon,Harmon,Harmon,M,99
Ulysses,Ulysses,Ulysses,Ulysses,Ulysses,M,99
Lindsey,Lindsay,Lindsay,Lindsey,Linus,Lindsay,Lindsey,Lindsey,Linus,Lindsay,Lindsey,M,100
Almon,Almon,Ammon,Alfonso,Alfonso,Almon,Almond,Almon,Alfonso,Ammon,Almon,Ammon,Almond,M,101
Lafayette,Lafayette,Lafayette,Lafayette,Lafayette,M,101
Caleb,Caleb,Caleb,Caleb,Caleb,M,103
Blaine,Blaine,Blaine,Blaine,Blaine,Blain,M,104
Orrin,Orren,Orrie,Orrin,Orrie,Orrin,Orrie,Orrin,Orrie,Orrin,M,104
Jules,Jules,Jule,Jules,Jule,Jules,Jules,Jule,M,104
Judge,Judge,Judge,Judge,Judge,M,104
Leander,Leander,Leander,Leander,Leander,M,105
Israel,Israel,Israel,Israel,Israel,M,105
Burl,Burley,Burl,Burley,Burl,Burley,Burl,Burley,Burley,Burl,M,106
Isom,Isom,Isom,Isom,Isom,M,107
Otho,Otho,Otho,Otho,Otho,M,108
Stewart,Stewart,Stewart,Steward,Stewart,Stewart,M,110
Dallas,Dallas,Dallas,Dallas,Dallas,M,110
Josiah,Josiah,Josiah,Josiah,Josiah,M,110
Dewitt,Dewitt,Dewitt,Dewitt,Dewitt,M,112
Garrett,Jarrett,Garrett,Garret,Garnett,Garrett,Garnett,Garnet,Garrett,Garret,Garrett,Jarrett,Garnett,M,113
Fay,Fayette,Fay,Fayette,Fay,Fayette,Fay,Fayette,Fay,Fayette,M,114
Boyd,Boyd,Boyd,Boyd,Boyd,M,114
Milo,Milo,Milo,Milo,Milo,M,114
Arlie,Arlington,Artie,Artie,Arlington,Artie,Arlie,Arlie,Artie,Arlington,Arlie,Artie,Arlington,M,117
Pierce,Pierre,Pierre,Pierce,Pierce,Pierre,Pierre,Pierce,Pierce,Pierre,M,117
Waldo,Walton,Waldo,Walton,Weldon,Waldo,Walton,Walton,Waldo,Weldon,Waldo,Weldon,M,119
Garland,Harlan,Harlan,Garland,Garland,Harlan,Harland,Garland,Harland,Harlan,Harlan,Garland,M,119
Madison,Madison,Madison,Madison,Madison,M,119
Isiah,Isiah,Isiah,Isiah,Isiah,M,120
Dick,Dick,Dick,Dick,Dick,M,120
King,King,King,King,King,M,120
Pedro,Pedro,Pedro,Pedro,Pedro,M,120
Foster,Foster,Foster,Foster,Foster,M,124
Dee,Dee,Dee,Dee,Dee,M,124
Freeman,Freeman,Freeman,Freeman,Freeman,M,124
Bart,Bartholomew,Barton,Bart,Bartholomew,Barton,Barton,Bartholomew,Bart,Bart,Barton,Bartholomew,Bart,Bartholomew,Barton,M,125
Logan,Logan,Logan,Logan,Logan,M,126
Evan,Evans,Evan,Evans,Evan,Evans,Evan,Evan,M,127
Erastus,Ernst,Erasmus,Ernst,Erastus,Erasmus,Erastus,Ernst,Erasmus,Ernst,Ernst,Erastus,M,128
Malcolm,Mal,Malcom,Malcolm,Malcolm,Malcom,Malcolm,Malcom,Mal,Malcolm,Malcom,M,130
Zack,Zack,Zack,Zack,Zack,M,130
Elwood,Elwood,Elwood,Elwood,Elwood,M,131
Morgan,Morgan,Morgan,Morgan,Morgan,M,132
Chauncey,Chauncey,Chauncey,Chauncey,Chauncy,Chauncey,M,133
Hugo,Hugo,Hugo,Hugo,Hugo,M,134
Fletcher,Fletcher,Fletcher,Fletcher,Fletcher,M,134
Carroll,Carroll,Carroll,Carroll,Carroll,M,135
Dudley,Dudley,Dudley,Dudley,Dudley,M,135
Napoleon,Napoleon,Napoleon,Napoleon,Napoleon,M,135
Hans,Hans,Hans,Hansford,Hans,Hanson,Hans,M,136
Forest,Forest,Forest,Forest,Forest,M,136
Hal,Hallie,Halsey,Hal,Halsey,Hall,Halbert,Hal,Hallie,Hal,Hallie,Hal,Hallie,M,138
Seth,Seth,Seth,Seth,Seth,M,138
Omer,Omer,Omer,Omer,Omer,M,138
Lynn,Lynn,Lynn,Lynn,Lynn,M,138
Judson,Hudson,Judson,Hudson,Judson,Judson,Judson,Hudson,M,138
Kenneth,Kenneth,Kenneth,Kenneth,Kenneth,M,138
Ned,Ned,Ned,Ned,Ned,M,138
Ivan,Ivan,Ivan,Ivan,Iva,Ivan,Iva,M,139
Porter,Porter,Porter,Porter,Porter,M,143
Benjiman,Benjiman,Benjiman,Benjiman,Benjiman,M,145
Abner,Abner,Abner,Abner,Abner,M,149
Wilford,Milford,Wilford,Milford,Wilford,Milford,Wilford,Milford,Tilford,Wilford,Milford,Gilford,M,152
Douglas,Douglas,Douglas,Douglas,Douglass,Douglas,M,152
Spencer,Spencer,Spencer,Spencer,Spencer,M,154
Sandy,Sanders,Handy,Sandy,Sanders,Handy,Sandy,Sanders,Handy,Sandy,Sanders,Tandy,Sandy,Sanders,Handy,M,155
Taylor,Taylor,Taylor,Gaylord,Taylor,Taylor,M,156
Karl,Karl,Karl,Karl,Karl,M,157
Mary,Mary,Mary,Mary,Mary,Maryland,M,159
Ward,Ward,Ward,Ward,Ward,M,162
Isaiah,Isaiah,Isaiah,Isaiah,Isaiah,M,162
Forrest,Forrest,Forrest,Forrest,Forrest,M,163
Sanford,Manford,Sanford,Sanford,Manford,Sanford,Manford,Sanford,M,166
Lyman,Hyman,Lyman,Lyman,Lyman,Hyman,Lyman,M,167
Green,Green,Green,Greene,Green,Green,M,168
Pink,Pinkney,Pink,Pinkney,Pink,Pinkney,Pink,Pinkney,Pink,Pinkney,M,171
Perley,Merle,Parley,Perley,Merle,Merle,Perley,Parley,Merle,Perley,Perl,Merle,Perley,M,172
Mason,Jason,Jason,Mason,Jason,Mason,Jason,Mason,Jason,Mason,M,173
Merton,Morton,Merton,Morton,Morton,Merton,Merton,Morton,Merton,Morton,M,173
Mitchell,Mitchel,Mitchell,Mitchell,Mitchel,Mitchell,Mitchel,Mitchell,M,173
Lucius,Lucius,Lucius,Lucius,Lucius,M,174
Neal,Neal,Neal,Neal,Neal,M,176
Lucien,Lucian,Lucian,Lucien,Lucian,Lucien,Lucian,Lucien,Lucian,Lucien,M,177
Elisha,Elisha,Elisha,Elisha,Elisha,M,177
Alphonse,Alpha,Alphonso,Alphonse,Alpha,Alphonso,Alphonse,Alpha,Alphonso,Alphonse,Alpha,Alphonso,Alphonsus,Alphonse,Alpha,Alphonso,Alphonsus,M,179
Jeremiah,Jeremiah,Jere,Jeremiah,Jeremiah,Jeremiah,M,184
Ambrose,Ambrose,Ambrose,Ambrose,Ambrose,M,185
Major,Major,Major,Major,Major,M,189
Van,Vann,Van,Van,Van,Van,Vander,M,191
General,Gene,General,Gene,General,Gene,General,Gene,General,Gene,M,193
Ezra,Ezra,Ezra,Ezra,Ezra,M,195
Tony,Tony,Tony,Tony,Tony,M,197
Gordon,Gordon,Gordon,Gordon,Gordon,M,197
Nick,Nick,Nick,Nick,Nick,M,198
Wilfred,Winfred,Wilfred,Winfred,Wilfred,Winfred,Wilfred,Winfred,Wilfred,Winfred,M,199
Arnold,Arnold,Arnold,Arnold,Arnold,M,199
Julian,Julian,Julian,Julian,Julian,M,205
Luke,Luke,Luke,Luke,Luke,M,206
Jerome,Jerome,Jerome,Jerome,Jerome,M,206
Conrad,Conrad,Conrad,Conrad,Conrad,M,207
Ferdinand,Ferd,Ferdinand,Ferd,Ferdinand,Ferdinand,Ferd,Ferdinand,M,208
Wayne,Warner,Wayne,Warner,Wayne,Warner,Wayne,Warner,Wayne,Warner,M,209
Ole,Olen,Ole,Olen,Ole,Ole,Olen,Oley,Ole,Oley,M,210
Bud,Budd,Bud,Bud,Bud,Budd,Bud,Budd,M,210
Roland,Roland,Nolan,Roland,Roman,Roland,Roman,Roland,Nolan,M,212
Delbert,Delbert,Delbert,Delbert,Delmer,Delbert,M,213
Chas,Chas,Chas,Chas,Chas,M,215
Washington,Wash,Washington,Wash,Wash,Washington,Wash,Washington,Washington,Wash,M,218
Ruben,Rubin,Rube,Ruben,Rube,Ruben,Rubin,Rube,Ruben,Rube,Ruben,Rube,Rubin,M,220
Cyrus,Cyrus,Cyrus,Cyrus,Cyrus,M,224
Enoch,Enoch,Enoch,Enoch,Enoch,M,225
Anderson,Anderson,Anderson,Anderson,Anderson,M,227
Emanuel,Emanuel,Emanuel,Emanuel,Emanuel,M,228
Juan,Juan,Juan,Juan,Juan,M,229
Bennie,Jennie,Bernie,Bennie,Bennie,Bernie,Lennie,Benny,Jennie,Bennie,Bernie,Lennie,Bennie,Bonnie,Bernie,Benny,M,233
Marcus,Marcus,Marius,Marcus,Marius,Marcus,Marcus,M,243
Bruce,Bruce,Bruce,Brice,Bruce,Bruce,M,245
Vincent,Vance,Vincent,Vance,Vincent,Vance,Vince,Vincent,Vance,Vincent,Vance,M,249
Elias,Elias,Elias,Elias,Elias,M,255
Barney,Barnett,Barney,Barney,Burney,Barney,Barney,M,256
Clem,Clement,Clemente,Clement,Clem,Clem,Clement,Clem,Clement,Clem,Clement,M,257
Cecil,Cecil,Cecil,Cecil,Cecil,M,257
Scott,Scott,Scott,Scott,Scott,M,262
Preston,Press,Preston,Press,Preston,Press,Preston,Preston,Press,M,263
Mathew,Math,Mathew,Math,Mathew,Mathew,Mathew,M,264
Andy,Andy,Andy,Andy,Andy,M,265
Bob,Bob,Bob,Bob,Bob,M,267
Sherman,Sherman,Sherman,Sherman,Sherman,M,268
Columbus,Columbus,Columbus,Columbus,Columbus,M,276
Wade,Wade,Wade,Wade,Wade,M,277
Abe,Abel,Abe,Abel,Abe,Abel,Abe,Abel,Abe,Abel,M,281
Monroe,Monroe,Monroe,Monroe,Monroe,M,289
Ike,Ike,Ike,Ike,Ike,M,290
Asa,Asa,Asa,Asa,Asa,M,291
Hubert,Hubert,Heber,Hubert,Heber,Hubert,Heber,Hubert,Heber,M,294
Winfield,Winfield,Winfield,Winfield,Winnie,Winfield,Winnie,M,301
Pearl,Pearl,Pearlie,Pearl,Pearley,Pearl,Pearl,M,305
Miles,Giles,Miles,Giles,Miles,Giles,Mills,Miles,Giles,Miles,Giles,M,309
Rudolph,Rudolph,Rudolph,Rudolf,Rudolph,Rudolph,M,311
Grant,Granville,Grant,Granville,Grant,Granville,Grant,Granville,Grant,Granville,M,314
Jonas,Jonathan,Jones,Jonah,Jonas,Jonathan,Jones,Jonah,Jonathan,Jonas,Jones,Jonah,Jonas,Jonathan,Jonah,Jonas,Jonathan,Jones,Jonah,M,318
Austin,Justin,Austin,Justin,Austin,Austin,Austin,Justin,M,318
Lemuel,Lem,Lemuel,Lem,Lemuel,Lem,Lemuel,Lem,Lemuel,Lem,M,324
Lorenzo,Loren,Loran,Lorin,Lorenzo,Loren,Lorenza,Lorenzo,Loren,Loran,Lorenz,Loren,Lorenzo,Lorenzo,Loren,Loran,Lorenza,M,331
Orville,Orval,Orville,Orval,Orville,Orval,Orville,Orval,Orville,Orval,M,331
Rolla,Rollie,Rollin,Rolland,Rowland,Rolla,Rollin,Rollie,Rollo,Roll,Rolland,Rolla,Rollie,Rolland,Rollin,Rowland,Rollo,Rolla,Rolland,Rollin,Rollie,Rollie,Rollin,Rolland,Rolla,Rollo,Rowland,M,332
Dock,Doc,Dock,Doc,Dock,Doc,Dock,Doc,Dock,Doc,M,339
Newton,Newt,Newton,Newt,Newton,Newt,Newton,Newt,Newton,Newt,M,339
Nicholas,Nicholas,Nicholas,Nickolas,Nicholas,Nickolas,Nicholas,Nickolas,M,354
Cleveland,Cleveland,Cleveland,Cleve,Cleveland,Cleve,Cleveland,Cleve,M,357
Joshua,Josh,Joshua,Josh,Joshua,Josh,Joshua,Josh,Joshua,Josh,M,364
Owen,Owen,Owen,Owen,Owen,M,364
Burt,Burton,Burton,Burt,Burton,Burt,Burton,Burt,Burton,Burt,M,366
Curtis,Curt,Curtis,Curt,Curtis,Curtis,Curt,Curtis,Curt,M,367
Bill,Billie,Billy,Bill,Billie,Billy,Bill,Billie,Billy,Bill,Bill,Billie,Billy,M,371
Wilson,Wilson,Wilson,Wilson,Wilson,M,372
Steve,Steven,Steve,Steven,Steve,Steven,Steve,Steven,Steve,Steven,M,374
Max,Maxwell,Max,Max,Maxwell,Max,Maxwell,Max,Maxwell,M,380
Sylvester,Sylvester,Sylvester,Sylvester,Sylvester,Silvester,M,382
Reuben,Reuben,Reuben,Reuben,Reuben,Reubin,M,382
Virgil,Virgil,Virgil,Virgil,Virgil,M,384
Stanley,Stanley,Stanley,Stanley,Stanley,M,390
Mike,Mike,Mike,Mikel,Mike,Mike,M,390
Manuel,Manuel,Manuel,Mance,Manuel,Manuel,Man,M,398
Russell,Russel,Russell,Russel,Russell,Russel,Russell,Russell,Russel,M,402
Byron,Myron,Byron,Myron,Byron,Myron,Byron,Myron,Byron,Myron,M,406
Timothy,Tim,Timothy,Tim,Timothy,Tim,Timothy,Tim,Timothy,Tim,M,410
Vernon,Vern,Verne,Vernon,Vern,Verne,Vernon,Vern,Verne,Vernon,Vern,Verne,Vernon,Vern,Verne,M,415
Clayton,Clay,Clayton,Clay,Clayton,Clay,Clayton,Clay,Clayton,Clay,M,415
Garfield,Garfield,Garfield,Garfield,Garfield,M,417
Glenn,Glen,Glenn,Glen,Glenn,Glen,Glenn,Glen,Glenn,Glen,M,421
Solomon,Sol,Solon,Salomon,Soloman,Solomon,Sol,Solon,Soloman,Solomon,Sol,Soloman,Solon,Solomon,Sol,Soloman,Solomon,Sol,Solon,M,421
Alva,Alvah,Alva,Alvah,Alva,Alvah,Alva,Alvah,Alva,Alvah,M,425
Ora,Oran,Oral,Ora,Orange,Oran,Ora,Orange,Oran,Ora,Oran,Orange,Oral,Ora,Orange,Oral,Oran,M,430
Silas,Silas,Silas,Silas,Milas,Silas,M,430
Phillip,Phillip,Phillip,Phillip,Phillip,M,443
Marshall,Marshal,Marshall,Marshal,Marshall,Martha,Marsh,Marshal,Marshall,Marshal,Martha,Marshall,M,443
Ross,Ross,Ross,Ross,Ross,M,445
Felix,Felipe,Felix,Felix,Felipe,Felix,Felipe,Felix,Felipe,M,451
Donald,Don,Donald,Don,Donald,Don,Don,Donald,Ronald,Donald,Don,Ronald,M,456
Mark,Mark,Mark,Mark,Mark,M,456
Morris,Norris,Morris,Norris,Morris,Norris,Morris,Norris,Morris,Norris,M,463
Noah,Noah,Noah,Noah,Noah,M,467
Hiram,Hiram,Hiram,Hiram,Hiram,M,469
Ollie,Allie,Ollie,Allie,Ollie,Allie,Ollie,Allie,Ellie,Ollie,Allie,Ellie,M,470
Maurice,Maurice,Maurice,Maurice,Maurice,M,471
Roscoe,Roscoe,Roscoe,Roscoe,Rosco,Roscoe,Rosco,M,473
Jake,Jake,Jake,Jake,Jake,M,473
Wilbur,Wilburn,Wilbur,Wilburn,Wilbur,Wilburn,Wilbur,Wilburn,Wilbur,Wilburn,Milburn,M,479
Earnest,Earnest,Earnest,Earnest,Earnest,M,480
Aaron,Aaron,Aaron,Aaron,Aaron,M,483
Wallace,Wallace,Wallace,Wallace,Wallace,M,484
Jay,Jay,Jay,Jay,Jay,M,486
Otis,Otis,Otis,Otis,Otis,M,489
Levi,Levi,Levi,Levi,Levi,M,497
Jeff,Jefferson,Jeff,Jefferson,Jeff,Jefferson,Jeff,Jefferson,Jeff,Jefferson,M,505
Cornelius,Cornelious,Cornelius,Cornelious,Cornelius,Cornelious,Cornelius,Cornelious,Cornelius,Cornelious,M,506
Abraham,Abram,Ab,Abraham,Abram,Abraham,Abram,Ab,Abraham,Abram,Abraham,Abram,M,512
Jasper,Casper,Jasper,Casper,Jasper,Casper,Jasper,Casper,Jasper,Casper,Jas,M,516
Adam,Adam,Adam,Adam,Adam,M,524
Simon,Sim,Simon,Sim,Simon,Sim,Simon,Sim,Simon,Sim,M,531
Norman,Norman,Norman,Norman,Norman,M,540
Ellis,Elliott,Elliot,Allison,Ellis,Elliott,Allison,Elvis,Ellison,Ellis,Elliott,Allison,Ell,Ellis,Elliott,Allison,Ellison,Ellis,Elliott,Allison,Elliot,M,541
Victor,Victor,Victor,Victor,Victor,M,542
Emery,Emory,Emerson,Emery,Emory,Emerson,Emery,Emory,Emerson,Emery,Emory,Emerson,Emery,Emory,Emerson,M,543
Leslie,Leslie,Leslie,Leslie,Lessie,Leslie,M,543
Melvin,Melville,Mervin,Melvin,Mervin,Melville,Melvin,Melville,Mervin,Melvin,Melville,Mervin,Melvin,Mervin,Melville,M,550
Edmund,Edmond,Edmund,Edmond,Edmund,Edmond,Edmund,Edmond,Edmund,Edmond,M,554
Percy,Percival,Percy,Percival,Percy,Percival,Percy,Percival,Percy,Percival,M,559
Mack,Mac,Mack,Mac,Mack,Mack,Mac,Mack,M,565
Nelson,Nels,Nelson,Nels,Nelson,Nels,Nelson,Nels,Nelson,Nels,M,568
Lester,Lester,Lester,Vester,Luster,Lester,Lester,Vester,M,588
Emmett,Emmet,Emmitt,Emmett,Emmet,Emmitt,Emmett,Emmet,Emmitt,Emmit,Emmett,Emmet,Emmitt,Emmit,Emmett,Emmet,Emmitt,Emmit,M,600
Dennis,Dennis,Dennie,Dennis,Dennie,Dennis,Dennie,Dennis,M,604
Adolph,Adolphus,Adolf,Adolph,Adolphus,Adolph,Adolphus,Adolf,Adolph,Adolphus,Adolf,Adolph,Adolphus,Adolf,M,610
Amos,Amos,Amos,Amos,Amos,M,614
Wesley,Wes,Wesley,Wesley,Lesley,Wesley,Lesley,Wesley,Wes,M,617
Wiley,Riley,Wiley,Riley,Wiley,Riley,Wiley,Riley,Wiley,Riley,M,632
Alonzo,Alonza,Alonzo,Alonza,Elonzo,Alonzo,Alonza,Alanzo,Alonzo,Alonza,Alonzo,Alonza,M,636
Anton,Antonio,Alton,Anson,Anton,Antonio,Alton,Anson,Antone,Anton,Antonio,Alton,Anson,Antoine,Antone,Anton,Antonio,Alton,Anson,Antone,Antoine,Anton,Antonio,Alton,Anson,Antone,Antoine,M,652
Harold,Harold,Harold,Harold,Harold,Carol,M,664
Rufus,Rufus,Rufus,Rufus,Rufus,M,673
Dave,Dave,Dave,Dave,Dave,M,699
Bernard,Bernard,Bernard,Bernard,Verna,Bernard,M,700
Leroy,Leroy,Leroy,Leroy,Leroy,M,702
Anthony,Anthony,Anthony,Anthony,Anthony,M,719
Gilbert,Wilbert,Wilber,Gilbert,Wilbert,Wilber,Gilbert,Wilber,Wilbert,Gilbert,Wilbert,Wilber,Gilbert,Wilbert,Wilber,M,721
Calvin,Cal,Calvin,Cal,Calvin,Cal,Calvin,Cal,Calvin,Cal,M,721
Clinton,Clifton,Clint,Clinton,Clifton,Clint,Clinton,Clifton,Clint,Clinton,Clifton,Clint,Clinton,Clifton,Clint,M,722
Everett,Evert,Everette,Everett,Evert,Evertt,Everett,Evert,Everette,Everett,Evert,Everette,Everett,Evert,M,724
Clifford,Cliff,Clifford,Cliff,Clifford,Cliff,Clifford,Cliff,Clifford,Cliff,M,728
Lon,Lonnie,Lonzo,Lonie,Lonnie,Lon,Lonzo,Lonie,Lonnie,Lon,Lonzo,Lonie,Lone,Lonnie,Lon,Lonzo,Loney,Lonie,Lonnie,Lon,Lonzo,Lonie,M,741
Matthew,Matt,Mat,Mattie,Matthew,Matt,Mat,Matthew,Matt,Mat,Mattie,Matthews,Matthew,Matt,Mat,Matthew,Matt,Mat,M,778
Moses,Mose,Moses,Mose,Moses,Mose,Moses,Mose,Moses,Mose,M,781
Alvin,Alvie,Elvin,Albin,Alvia,Alvin,Elvin,Alvis,Alvie,Albin,Alvin,Elvin,Albin,Alvie,Alvis,Alvin,Elvin,Alvie,Albin,Alvis,Alvan,Alvin,Elvin,Albin,Alvie,Alvis,M,790
Warren,Warren,Warren,Warren,Warren,M,807
Willard,Millard,Willam,Dillard,Hillard,Willard,Millard,Willam,Dillard,Willard,Millard,Dillard,Willam,Willard,Millard,Dillard,Willam,Willard,Millard,Willam,Dillard,Hillard,M,816
Milton,Wilton,Milton,Wilton,Milton,Wilton,Melton,Hilton,Milton,Melton,Wilton,Hilton,Milton,Wilton,Melton,M,816
Stephen,Stephen,Stephen,Stephen,Stephen,M,829
Sidney,Sydney,Sid,Sidney,Sid,Sydney,Sidney,Sid,Sydney,Sidney,Sydney,Sid,Sidney,Sid,Sydney,M,833
Nathan,Nathaniel,Nat,Nathanial,Nathan,Nathaniel,Nat,Nathan,Nathaniel,Nat,Nathan,Nathaniel,Nat,Nathan,Nathaniel,Nat,M,842
Horace,Horace,Horace,Horace,Horace,M,848
Marion,Marion,Marian,Marion,Marian,Marion,Marion,Marian,M,871
Emil,Emile,Emil,Emile,Emil,Emile,Emilio,Emil,Emile,Emilio,Emil,Emile,Emilio,M,873
Julius,Junius,Julius,Junius,Julius,Junius,Julia,Julius,Junius,Julius,Junius,Julia,M,877
Elijah,Eli,Eligah,Eliza,Eliga,Eli,Elijah,Elijah,Eli,Eligah,Eliga,Elijah,Eli,Elijah,Eli,Eliga,Eligah,M,914
Philip,Phil,Philo,Philip,Phil,Philo,Philip,Phil,Philip,Phil,Philip,Phil,M,946
Christopher,Chris,Christian,Christ,Christopher,Christian,Chris,Christ,Christopher,Christian,Chris,Christ,Christopher,Christian,Chris,Christ,Christopher,Chris,Christian,Christ,M,993
Eddie,Edd,Addie,Eddie,Edd,Addie,Eddie,Edd,Addie,Eddie,Edd,Addie,Eddie,Edd,Addie,M,995
Homer,Homer,Homer,Homer,Homer,M,1002
Grover,Grover,Grover,Grover,Grove,Grover,M,1040
Allen,Allan,Alden,Allen,Allan,Alden,Allen,Allan,Alden,Allen,Allan,Alden,Allen,Allan,Alden,Ellen,M,1067
Irvin,Irving,Ervin,Irwin,Irven,Irvin,Irving,Ervin,Irwin,Erving,Irvin,Irving,Ervin,Irwin,Irven,Irvin,Ervin,Irving,Irwin,Irvine,Irvin,Irving,Ervin,Irwin,Irven,M,1072
Theodore,Theo,Theadore,Theodore,Theo,Theodore,Theo,Theadore,Theodore,Theo,Theadore,Theodore,Theadore,Theo,Theodor,M,1121
Hugh,Hugh,Hugh,Hugh,Hugh,M,1143
Guy,Guy,Guy,Guy,Guy,M,1162
Gus,Gustave,Gustav,Gust,Guss,Gustaf,Gustavus,Gus,Gustave,Gust,Gustav,Guss,Gustaf,Gustavus,Gus,Gustave,Gustav,Gust,Guss,Gustavus,Gustaf,Gus,Gustave,Gustav,Guss,Gust,Gustaf,Gus,Gustave,Gustav,Gust,Guss,Gustaf,Gussie,Gustavus,M,1176
Oliver,Oliver,Oliver,Oliver,Oliver,M,1180
Patrick,Pat,Patrick,Pat,Patrick,Pat,Patricio,Patrick,Pat,Patrick,Pat,M,1231
Archie,Arch,Archibald,Archie,Arch,Archibald,Archie,Arch,Archibald,Archie,Arch,Archibald,Archie,Arch,Archibald,M,1256
Otto,Otto,Otto,Ott,Otto,Otto,M,1278
Ira,Ira,Ira,Ira,Ira,M,1302
Isaac,Issac,Isaac,Issac,Isaac,Issac,Isaac,Issac,Isaac,Issac,M,1353
Luther,Rutherford,Auther,Luther,Auther,Rutherford,Luther,Auther,Rutherford,Luther,Auther,Rutherford,Luther,Auther,M,1354
Chester,Chester,Chester,Chester,Chester,M,1370
Jack,Jackson,Jack,Jackson,Jack,Jackson,Jack,Jackson,Jack,Jackson,M,1378
Jerry,Perry,Berry,Terry,Perry,Jerry,Berry,Perry,Jerry,Berry,Terry,Perry,Jerry,Berry,Terry,Perry,Jerry,Berry,Terry,M,1393
Clyde,Clyde,Clyde,Clyde,Clide,Clyde,M,1432
Lawrence,Laurence,Lawrence,Laurence,Lawrence,Laurence,Lawrence,Laurence,Lawrence,Laurence,Lauren,M,1466
August,Augustus,Angus,Augustine,Augustin,Augusta,August,Augustus,Angus,Augustine,Augustin,August,Augustus,Angus,Augustine,Auguste,August,Augustus,Angus,Augustine,August,Augustus,Angus,Augustine,M,1495
Edwin,Erwin,Edwin,Erwin,Edwin,Erwin,Elwin,Edwin,Erwin,Elwin,Edwin,Erwin,Elwin,M,1599
Eugene,Eugene,Eugene,Eugene,Eugene,Eugenio,M,1634
Michael,Michael,Michael,Michael,Michael,M,1653
Floyd,Lloyd,Cloyd,Floyd,Lloyd,Cloyd,Floyd,Lloyd,Cloyd,Floyd,Lloyd,Cloyd,Floyd,Lloyd,Cloyd,M,1676
Alexander,Alex,Alexander,Alex,Alexander,Alex,Alexander,Alex,Alexander,Alex,M,1769
Paul,Paul,Paul,Paul,Paul,M,1769
Herman,Hermann,Harman,Hermon,Herman,Hermann,Herman,Hermann,German,Herman,Harman,Hermann,Herman,Hermon,M,1800
Bert,Bertram,Bertrand,Bertie,Berton,Bert,Bertram,Bertie,Berton,Bertrand,Bertha,Bert,Bertram,Bertie,Berton,Bertha,Bertrand,Bert,Bertram,Bertie,Berton,Bertha,Bertrand,Bert,Bertram,Bertie,Bertrand,Bertha,Berton,M,1801
Jim,Jimmie,Jim,Jimmie,Jim,Jimmie,Jim,Jimmie,Jimmy,Jim,Jimmie,Jimmy,M,1862
Ralph,Ralph,Ralph,Ralph,Ralph,M,1902
Jacob,Jacob,Jacob,Jacob,Jacob,M,1912
Lee,Lee,Lee,Lee,Lee,M,1953
Howard,Howard,Howard,Howard,Howard,M,1999
Raymond,Ray,Raymond,Ray,Raymond,Ray,Raymond,Ray,Raymond,Ray,M,2041
Harvey,Harley,Harve,Hervey,Harvey,Harley,Harve,Harvey,Harley,Harve,Hervey,Harvey,Harley,Harve,Harvey,Harley,Harve,Hervey,M,2050
Herbert,Herbert,Herbert,Herbert,Herbert,Herb,M,2074
Earl,Earle,Early,Earl,Earle,Early,Earl,Earle,Early,Earl,Earle,Early,Earl,Earle,Early,M,2080
Claude,Claud,Claus,Claude,Claud,Claude,Claud,Claudie,Claude,Claud,Claude,Claud,M,2083
Tom,Tomas,Tommie,Tommy,Tom,Tomas,Tommie,Tommy,Tom,Tomas,Tommie,Tommy,Tom,Tomas,Tommy,Tommie,Tom,Tommie,Tomas,Tommy,M,2104
Martin,Marvin,Mart,Martin,Marvin,Mart,Martin,Marvin,Mart,Martin,Marvin,Martin,Marvin,Mart,Marlin,M,2202
Elmer,Elmore,Elder,Elmer,Elder,Elmore,Elmer,Elmore,Ellery,Elmer,Elmore,Elder,Elmer,Elmore,Elder,Ellery,M,2233
Lewis,Lew,Lewie,Lewis,Lew,Lewis,Lew,Lewie,Lewis,Lew,Lewis,Lew,M,2385
Carl,Carlos,Carlton,Carleton,Carl,Carlos,Carlton,Carl,Carlton,Carlos,Carleton,Carl,Carlos,Carlton,Carleton,Carl,Carlton,Carlos,Carleton,M,2417
Leonard,Leo,Leon,Leonard,Leo,Leon,Leonard,Leo,Leon,Leonard,Leo,Leon,Leonard,Leo,Leon,M,2452
Alfred,Alf,Alfred,Alf,Alfred,Alf,Alfred,Alf,Alfred,Alf,M,2475
Peter,Pete,Peter,Pete,Peter,Pete,Peter,Pete,Peter,Pete,M,2650
Roy,Royal,Roy,Royal,Roy,Royal,Roy,Royal,Roy,Royal,M,2763
Oscar,Oscar,Oscar,Oscar,Oscar,M,2921
Ernest,Ernest,Ernest,Ernest,Ernest,M,3159
Andrew,Andres,Andre,Andrew,Andres,Andrew,Andres,Andrew,Andres,Andrew,Andres,M,3193
Charlie,Charlie,Charlie,Charlie,Charlie,M,3540
Richard,Rich,Richard,Rich,Richard,Rich,Richard,Richard,Rich,M,3548
Daniel,Dan,Danial,Daniel,Dan,Danial,Daniel,Dan,Daniel,Dan,Danial,Daniel,Dan,Danial,M,3691
Joe,Joel,Joeseph,Joe,Joel,Joesph,Joe,Joel,Joesph,Joeseph,Joe,Joel,Joe,Joel,Joesph,Joeseph,M,3774
David,Davis,Davie,David,Davis,David,Davis,Davie,David,Davis,David,Davis,M,4024
Benjamin,Ben,Benjamine,Benjaman,Benjamin,Ben,Benjamine,Benjaman,Benjamin,Ben,Benjaman,Benjamine,Benjamin,Ben,Benjamine,Benjaman,Benjamin,Ben,Benjamine,Benjamen,Benjaman,M,4192
Clarence,Clark,Clara,Clarance,Clare,Clarence,Clark,Clara,Clarance,Clarence,Clark,Clarance,Clare,Clabe,Clarence,Clark,Clarance,Clare,Clara,Clarence,Clark,Clarance,Clara,Clare,M,4376
Louis,Louie,Lou,Louis,Louie,Lou,Louise,Louis,Louie,Lou,Louise,Louis,Louie,Lou,Louise,Louis,Louie,Lou,Louise,M,4388
Jesse,Jessie,Jess,Jessee,Jesse,Jessie,Jess,Jesse,Jessie,Jess,Jesse,Jessie,Jess,Jesse,Jessie,Jess,Jessee,M,4393
Samuel,Sam,Samual,Samuel,Sam,Samual,Samuel,Sam,Samual,Samul,Samuel,Sam,Samual,Samuel,Sam,Samual,M,7369
Albert,Elbert,Al,Albertus,Almer,Albert,Elbert,Al,Albert,Elbert,Al,Alberto,Almer,Albert,Elbert,Al,Albertus,Albert,Elbert,Al,Almer,M,7821
Arthur,Arther,Art,Authur,Arthur,Arther,Art,Authur,Arthur,Arther,Art,Arthur,Arther,Art,Authur,Arthur,Arther,Art,M,8312
Walter,Walker,Walter,Walker,Walter,Walker,Walter,Walker,Walter,Walker,M,8958
Fred,Frederick,Fredrick,Frederic,Freddie,Fred,Frederick,Fredrick,Frederic,Freddie,Fredric,Fred,Frederick,Fredrick,Frederic,Fredric,Fred,Frederick,Fredrick,Frederic,Freddie,Fred,Frederick,Fredrick,Frederic,Freddie,M,10598
Harry,Harrison,Hardy,Harris,Larry,Garry,Harrie,Harry,Harrison,Hardy,Harris,Larry,Harvy,Harry,Harrison,Hardy,Harris,Larry,Garry,Harry,Harrison,Harris,Hardy,Larry,Barry,Harry,Harrison,Harris,Hardy,Larry,Barry,Harvy,M,11423
Robert,Roger,Robert,Roger,Robert,Roger,Robert,Roger,Robert,Roger,Rob,M,12010
Henry,Henry,Henry,Henry,Henry,M,12219
Thomas,Thomas,Thomas,Thompson,Thomas,Thomas,M,12319
Joseph,Jose,Joseph,Jose,Joseph,Jose,Josephus,Joseph,Jose,Josephus,Joseph,Jose,Josephus,M,13437
Edward,Ed,Edgar,Edward,Edgar,Ed,Edward,Ed,Edgar,Edward,Edgar,Ed,Edward,Ed,Edgar,M,14672
Frank,Francis,Franklin,Francisco,Frances,Frank,Francis,Franklin,Francisco,Frances,Frank,Francis,Franklin,Francisco,Frances,Frank,Francis,Franklin,Francisco,Frances,Frank,Francis,Franklin,Francisco,Frances,M,17726
George,Geo,George,Geo,George,Geo,George,Geo,George,Geo,Georgia,M,24742
Charles,Charley,Charles,Charley,Charles,Charley,Charles,Charley,Charle,Charles,Charley,Charly,M,26090
James,James,James,James,James,M,28176
John,Johnnie,Johnny,Johnie,Johnson,John,Johnnie,Johnie,Johnny,Johnson,Johnathan,John,Johnnie,Johnie,Johnny,Johnson,John,Johnnie,Johnie,Johnny,Johnson,John,Johnnie,Johnie,Johnny,Johnson,M,46725
William,Will,Willie,Willis,Williams,Willian,William,Will,Willie,Willis,Willian,Williams,William,Will,Willie,Willis,Willian,Williams,William,Will,Willie,Willis,Williams,Willian,William,Will,Willie,Willis,Williams,Willian,Williard,Willy,M,51068
