Winthrop,M,5
Sie,M,5
Shed,M,5
Sebron,M,5
Orra,M,5
Orel,M,5
Norwood,M,5
Meredith,M,5
Lute,M,5
Lovie,M,5
Loring,M,5
Linton,M,5
Joy,M,5
Ingram,M,5
Haskell,M,5
Gay,M,5
Gale,M,5
Estill,M,5
Emett,M,5
Ella,M,5
Dink,M,5
Ceasar,M,5
Bose,M,5
Blanchard,M,5
Blake,M,5
Banks,M,5
Atlas,M,5
Ananias,M,5
Amado,M,5
Zed,M,5
Worley,M,5
Winifred,M,5
Willaim,M,5
True,M,5
Toby,M,5
Seldon,M,5
Sameul,M,5
Ruel,M,5
Rudy,M,5
Raphael,M,5
Rance,M,5
Orva,M,5
Norton,M,5
Nicolas,M,5
Loyal,M,5
Love,M,5
Lott,M,5
Leverett,M,5
Leonce,M,5
Leigh,M,5
Laura,M,5
Kay,M,5
Jhon,M,5
Gaines,M,5
Fremont,M,5
Fabian,M,5
Erle,M,5
Ellwood,M,5
Dionicio,M,5
Cortez,M,5
Conley,M,5
Caswell,M,5
Booker,M,5
Bayard,M,5
Amon,M,5
Alvy,M,5
Alcee,M,5
Alby,M,5
Wing,M,5
Wiliam,M,5
Waverly,M,5
Verner,M,5
Vaughn,M,5
Talmage,M,5
Shannon,M,5
Robin,M,5
Pryor,M,5
Prosper,M,5
Page,M,5
Mercer,M,5
Marrion,M,5
Lucy,M,5
Less,M,5
Lawerence,M,5
Kyle,M,5
Juluis,M,5
Jared,M,5
Garner,M,5
Esta,M,5
Esequiel,M,5
Emry,M,5
Emit,M,5
Darrell,M,5
Craig,M,5
Conway,M,5
Champ,M,5
Atticus,M,5
Arden,M,5
Alto,M,5
Zachariah,M,5
Sheppard,M,5
Santos,M,5
Phineas,M,5
Nova,M,5
Norval,M,5
Nora,M,5
Nimrod,M,5
Nate,M,5
Myrtle,M,5
Murdock,M,5
Moroni,M,5
Merida,M,5
Manson,M,5
Lavern,M,5
Knute,M,5
Kit,M,5
Justice,M,5
Jabez,M,5
Isam,M,5
Hays,M,5
Gorge,M,5
Gardner,M,5
Esau,M,5
Elroy,M,5
Elick,M,5
Edie,M,5
Denver,M,5
Cleo,M,5
Ceylon,M,5
Boston,M,5
Baldwin,M,5
Aurthur,M,5
Agustus,M,5
Abbott,M,5
Zeno,M,6
Toy,M,6
Thurlow,M,6
Robt,M,6
Olof,M,6
Mell,M,6
Mabel,M,6
Severt,M,6
Seaborn,M,6
Randle,M,6
Linn,M,6
Jobe,M,6
Domingo,M,6
Cooper,M,6
Camille,M,6
Alexis,M,6
Alan,M,6
Tolbert,M,6
Dixon,M,6
Casimiro,M,6
Acie,M,6
Stacy,M,6
Ruby,M,6
Redden,M,6
Ishmael,M,6
Hope,M,6
Holmes,M,6
Hattie,M,6
Friend,M,6
Cruz,M,6
Cato,M,6
Candido,M,6
Blas,M,6
Anastacio,M,6
Wess,M,7
Sarah,M,7
Rogers,M,7
Lars,M,7
Effie,M,7
Bernice,M,7
Newman,M,7
Lora,M,7
Gail,M,7
Fisher,M,7
Eustace,M,7
Ethan,M,7
Adolfo,M,7
Ruffus,M,7
Tyler,M,7
Raoul,M,7
Osborne,M,7
Clovis,M,7
Benito,M,7
Aden,M,7
Odell,M,8
Festus,M,8
Gibson,M,8
Armstead,M,8
Knox,M,8
Guadalupe,M,8
Ambers,M,8
Marquis,M,8
Deforest,M,9
Moody,Moody,M,10
Lenzy,Linzy,M,10
Lamar,Lazarus,M,10
Essex,Essex,M,10
Elva,Elva,M,10
Bluford,Bluford,M,10
Primus,Primus,M,10
Hubbard,Hubbard,M,10
Harvie,Harvie,M,10
Darwin,Darwin,M,10
Callie,Callie,M,10
Mace,Mace,M,10
Katherine,Oather,M,10
Judd,Judd,M,10
Jodie,Jodie,M,10
Hayden,Hayden,M,10
Gottlieb,Gottlieb,M,10
Duff,Duff,M,10
Daisy,Daisy,M,10
Crockett,Crockett,M,10
Babe,Babe,M,10
Arvid,Arvid,M,10
Jeptha,Jep,M,11
Littleton,Little,M,11
Lane,Lane,M,11
Griffin,Griffin,M,11
Cap,Captain,M,11
Burke,Burnett,M,11
Winston,Winston,M,11
Spurgeon,Spurgeon,M,11
Leonidas,Leonidas,M,11
Lawyer,Lawyer,M,11
Ashby,Ashby,M,11
Stanford,Stafford,M,11
Rafe,Rafe,M,11
Ethel,Ethel,M,11
Erie,Erie,M,11
Clarke,Clarke,M,11
Caesar,Caesar,M,11
Ewell,Ewell,M,12
Landon,Landon,M,12
Cameron,Cameron,M,12
Lemon,Lemon,M,12
Seward,Seward,M,12
Campbell,Campbell,M,12
Orlo,Orlo,M,12
Ashton,Ashton,M,12
Plummer,Plummer,M,12
Helen,Helen,M,12
York,York,M,12
Tilmon,Tilman,M,12
Presley,Presley,M,12
Cyril,Cyril,M,12
Zeke,Zeke,M,12
Grace,Grace,M,12
Rose,Rose,M,12
Gerhard,Gerhard,M,13
French,French,M,13
Bascom,Bascom,M,13
Vicente,Vicente,M,13
Olie,Olie,M,13
Hilary,Hilary,M,13
Benedict,Benedict,M,13
Murphy,Murphy,M,13
Alice,Alice,M,13
Wirt,Wirt,M,13
Sammie,Sammie,M,13
Oda,Oda,M,13
Doss,Doss,M,13
Cora,Cora,M,13
Weaver,Weaver,M,13
Tobias,Tobias,M,13
Roderick,Roderick,M,13
Ivey,Ivey,M,13
Algie,Algie,M,13
Tilden,Tilden,M,13
Ace,Ace,M,14
Boss,Boss,M,14
Todd,Todd,M,14
Thos,Thos,M,14
Hartwell,Hartwell,M,14
Roe,Roe,M,14
Edith,Edith,M,14
Brooks,Brooks,M,14
Armand,Armand,M,14
Creed,Creed,M,14
Huston,Huston,M,14
Schuyler,Schuyler,Schuyler,M,15
Matthias,Matthias,Matthias,M,15
Shade,Shade,M,15
Leopold,Leopold,M,15
Stonewall,Stonewall,M,15
Lafe,Lafe,M,15
Cullen,Cullen,M,15
Sebastian,Sebastian,M,16
Lue,Lue,M,16
Lucas,Lucas,M,16
Theophile,Theophile,Theophilus,M,16
Huey,Huey,Huey,M,16
Enrique,Enrique,Enrique,M,16
Kirk,Kirk,M,16
Darius,Darius,M,16
Ewing,Ewin,Ewin,M,17
Whit,Whit,Whit,M,17
Bessie,Bessie,M,17
Sylvanus,Sylvanus,Sylvanus,M,17
Gee,Gee,Gee,M,17
Chalmers,Chalmer,Chalmers,M,17
Stanton,Stanton,Stanton,M,17
Obed,Obe,Obe,M,17
Elam,Elam,Elam,M,17
Golden,Golden,Golden,M,17
Duke,Duke,Duke,M,17
Reinhold,Reinhold,M,18
Okey,Okey,M,18
Dominick,Dominick,Dominick,M,18
Hershel,Hershel,Hershel,M,18
Chesley,Chesley,Chesley,M,18
Yee,Yee,Yee,M,18
Wilhelm,Wilhelm,Wilhelm,M,18
Vernie,Vernie,Vernie,M,18
Titus,Titus,Titus,M,18
Commodore,Commodore,Commodore,M,18
Bruno,Bruno,Bruno,M,18
Tillman,Tillman,M,18
Octave,Octave,M,18
Jarvis,Jarvis,M,19
Kirby,Kirby,Kirby,M,19
Graham,Graham,Graham,M,19
Elsworth,Elsworth,Elsworth,M,19
Woodie,Woodie,Woodie,M,19
Nellie,Nellie,Nellie,M,19
Delos,Delos,Delos,M,19
Alcide,Alcide,Alcide,M,19
Bernhard,Bernhard,Bernhard,M,19
Edna,Edna,Edna,M,20
Curley,Hurley,Hurley,M,20
Wright,Wright,Wright,M,20
Linwood,Linwood,Linwood,M,20
Harl,Harlow,Harlie,Harlow,M,20
Dow,Dow,Dow,M,20
Albion,Albion,Albion,M,20
Bird,Bird,Bird,M,20
Bedford,Bedford,Bedford,M,20
Romeo,Rome,Rome,M,20
Lionel,Lionel,Lionel,M,20
Carrie,Carrie,Carrie,M,20
Manning,Manning,Manning,M,21
Meyer,Meyer,Meyer,M,21
Hyrum,Hyrum,Hyrum,M,21
Tracy,Tracy,Tracy,M,21
Alpheus,Alpheus,Alpheus,M,21
Ples,Ples,Ples,M,21
Eber,Eber,Eber,M,21
Ossie,Essie,Essie,M,21
Ludwig,Ludwig,Ludwig,M,21
Uriah,Uriah,Uriah,M,21
Lillie,Lillian,Lillian,Lillie,M,22
Gary,Gary,Gary,M,22
Elihu,Elihu,Elihu,M,22
Chancy,Chance,Chancey,Chancy,M,22
Ivory,Ivory,Ivory,M,22
Rice,Rice,Rice,M,22
Isreal,Isreal,Isreal,M,22
Volney,Volney,M,22
Ebb,Ebbie,Ebbie,Ebb,M,23
Angelo,Angelo,Ansel,Ancel,M,23
Collins,Collie,Collins,M,23
Lambert,Lambert,Lambert,M,23
Bee,Bee,Bee,M,23
Carter,Carter,M,23
Delmar,Delmar,Delmar,Delmar,M,23
Ida,Ida,Ida,Ida,M,23
Malachi,Malachi,Malachi,M,23
Dale,Dale,Dale,M,24
Reed,Reed,Reed,M,24
Ocie,Ocie,Ocie,M,24
Harper,Harper,Harper,M,24
Byrd,Byrd,Byrd,M,24
Rene,Rene,Rene,Rene,M,24
Eben,Eben,Eben,M,24
Orie,Orie,Orie,M,24
Gaston,Gaston,Gaston,M,25
Roswell,Roswell,Roswell,Roswell,M,25
Humphrey,Humphrey,Humphrey,Humphrey,M,25
Ennis,Ennis,Ennis,Ennis,M,25
Ely,Ely,Ely,M,25
Archer,Archer,Archer,M,25
Doctor,Doctor,Doctor,M,25
Justus,Justus,Justus,M,25
Hosteen,Hosteen,Hosie,Hosteen,M,26
Gregorio,Gregory,Gregory,Gregg,Gregorio,M,26
Edson,Edson,Edson,Edson,M,26
Toney,Toney,Toney,Toney,M,26
Orley,Orley,Orley,Orley,M,26
Obie,Obie,Obie,Obie,M,26
Dempsey,Dempsey,Dempsey,M,26
Unknown,Unknown,Unknown,Unknown,M,27
Wendell,Wendell,Wenzel,Wendell,M,27
Ottis,Ottis,Ottie,Ottis,M,27
Dora,Dora,Dora,M,27
Ballard,Ballard,Ballard,Ballard,M,27
Annie,Annie,Annie,Annie,M,27
Watt,Watt,Watt,M,27
Worth,Worthy,Worth,Worth,M,27
Fernando,Fernand,Fernando,Fernando,M,27
Ephriam,Ephriam,Ephriam,M,27
Butler,Butler,Butler,M,27
Elige,Eliseo,Elige,Elige,M,27
Urban,Urban,Urban,Urban,M,27
Maud,Maude,Maude,Maude,Maud,M,28
Paris,Paris,Paris,M,28
Vivian,Vivian,Vivian,Vivian,M,28
Theron,Theron,Theron,M,28
Thurman,Thurman,Thurman,Thurman,M,28
Godfrey,Godfrey,Godfrey,M,28
Gideon,Gideon,Gideon,Gideon,M,28
Levy,Levy,Levy,Levy,M,29
Coy,Coy,Coy,Coy,M,29
Rafael,Rafael,Rafael,Rafael,M,29
Buster,Buster,Buster,Buster,M,29
Elizabeth,Elizabeth,Elizabeth,M,29
Carson,Carson,Carson,M,29
Pablo,Pablo,Pablo,M,29
Webb,Webb,Webb,M,29
Santiago,Santiago,Santiago,M,29
Firman,Furman,Furman,Furman,M,30
Ernie,Ernie,Ernie,M,30
Author,Author,Author,Author,M,30
Hoy,Hoyt,Hoyt,Hoy,Hoyt,M,30
Ashley,Ashley,Ashley,Ashley,M,30
Gabe,Gabe,Gabe,Gabe,M,30
Buford,Buford,Buford,M,30
Baxter,Baxter,Baxter,Baxter,M,30
Hayes,Hayes,Hayes,Hayes,M,31
Alec,Alec,Alec,Alec,M,31
Travis,Travis,Travis,M,31
Asbury,Asbury,Asbury,Asbury,M,32
Shelton,Sheldon,Shelton,Shelton,M,32
Lyle,Lyle,Lyle,Lyle,M,32
Quincy,Quincy,Quincy,Quincy,M,32
Hilliard,Hilliard,Hilliard,Hilliard,M,32
Wheeler,Wheeler,Wheeler,M,32
Sampson,Sampson,Sampson,Sampson,Simpson,M,33
Elie,Elie,Elie,Elie,M,33
Dexter,Dexter,Dexter,Dexter,M,33
Asberry,Asher,Asberry,Asher,Asberry,M,33
Hardin,Hardie,Hardie,Hardin,Hardin,Hardie,M,33
Birt,Birt,Birt,Birt,M,33
Palmer,Palmer,Palmer,M,33
Emma,Emma,Emma,Emma,M,33
Horatio,Horatio,Horatio,Horatio,M,33
Brown,Brown,Brown,M,34
Connie,Connie,Connie,Donnie,Connie,M,34
Odie,Odie,Odie,Odie,M,34
Manley,Manly,Manly,Manley,Manley,M,34
Ford,Ford,Ford,Ford,M,34
Margaret,Margaret,Margarito,Margaret,M,35
Ivy,Ivy,Ivy,Ivy,M,35
Chin,Chin,Chin,Chin,M,35
Dayton,Layton,Payton,Dalton,Layton,Dayton,M,35
Sumner,Sumner,Sumner,Sumner,M,35
Marcellus,Marcellus,Marcel,Marcellus,Marcellus,M,35
Isham,Isham,Isham,Isham,M,35
Saul,Saul,Saul,M,35
Buck,Buck,Buck,Buck,M,36
Rupert,Rupert,Rupert,Rupert,M,36
Drew,Drew,Drew,Drew,M,36
Oswald,Oswald,Oswald,Oswald,M,36
Llewellyn,Llewellyn,Llewellyn,Llewellyn,M,36
Wong,Wong,Wong,Wong,M,36
Bailey,Bailey,Bailey,Bailey,M,36
Blaine,Blaine,Blaine,Blaine,M,37
Price,Price,Price,Price,M,37
Otha,Otha,Otha,Otha,M,37
Flem,Fleming,Flem,Fleming,Fleming,Fleming,M,37
Lacy,Lacy,Lacy,Lacy,M,37
June,June,June,June,M,37
Herschel,Herschel,Herschel,Herschel,M,37
Hector,Hector,Hector,Hector,M,37
Egbert,Egbert,Egbert,Egbert,M,37
Richmond,Richmond,Richmond,Richmond,M,38
Aron,Aron,Aron,Aron,M,38
Noel,Noel,Noel,Noel,M,38
Denis,Denis,Denis,Denis,M,38
Wellington,Wellington,Wells,Wellington,M,38
Hunter,Hunt,Hunter,Hunter,Hunter,M,39
Orson,Orion,Orson,Orson,Orson,M,40
Lincoln,Lincoln,Lincoln,Lincoln,M,40
Fate,Fate,Fate,Fate,M,40
Burr,Burrell,Burr,Burrell,Burr,M,40
Basil,Basil,Basil,Basil,M,40
Wylie,Wylie,Wylie,Wylie,M,40
Ransom,Ransom,Ransom,Ransom,M,41
Miller,Miller,Miller,Miller,M,41
Woodson,Wood,Wood,Wood,Woodson,Woody,Woody,M,41
Shirley,Shirley,Shirley,Shirley,M,41
Dana,Dana,Dana,Dana,M,41
Bishop,Bishop,Bishop,Bishop,M,41
Jewel,Newell,Newell,Newell,Jewell,M,42
Randall,Randall,Randall,Randall,M,42
Finis,Finis,Finis,Finis,M,42
Finley,Finley,Finley,Finley,M,42
Beverly,Beverly,Beverly,Beverly,M,42
Rodney,Rodney,Rodney,Rodney,M,42
Kelly,Kelly,Kelly,Kelley,Kelly,M,43
Troy,Troy,Troy,Troy,M,43
Zeb,Zeb,Zeb,Zeb,M,43
Lum,Lum,Lum,Lum,M,43
Miguel,Miguel,Miguel,Miguel,M,43
Florence,Flora,Florence,Florence,Florencio,Florence,M,44
Eric,Eric,Eric,Eric,Erick,M,44
Maynard,May,Maynard,Maynard,May,M,44
Anna,Anna,Anna,M,44
Young,Young,Young,Young,M,44
Crawford,Crawford,Crawford,Crawford,M,45
Hezekiah,Hezekiah,Hezekiah,Hezekiah,M,45
Rush,Rush,Rush,Rush,M,45
Luis,Luis,Luis,Luis,M,45
Reginald,Reginald,Reginald,Reginald,M,45
Squire,Squire,Squire,Squire,M,45
Brad,Bradford,Bradley,Bradley,Bradley,Bradley,Brady,M,46
Seymour,Seymour,Seymour,Seymour,M,46
Mahlon,Mahlon,Mahlon,Mahlon,M,46
Larkin,Larkin,Larkin,Larkin,M,46
Shelby,Shelby,Shelby,Shelly,Shelby,M,47
Hosea,Hosea,Hosea,Hosea,M,47
Ted,Ted,Ted,Ted,M,47
Elzie,Elsie,Elzie,Elzie,Elzie,M,47
Wyatt,Wyatt,Wyatt,Wyatt,M,47
Isadore,Isadore,Isidore,Isadore,Isidore,Isadore,Isidor,M,48
Mortimer,Mortimer,Mortimer,Mortimer,M,48
Rex,Rex,Rex,Rex,M,48
Alma,Alma,Alma,Alma,M,48
Omar,Omar,Omar,Omar,M,49
Stuart,Stuart,Stuart,Stuart,M,49
Bryant,Bryant,Bryant,Bryan,Bryant,M,49
Dolphus,Dolph,Dolphus,Dolphus,Dolph,Dolphus,Dolph,M,50
Merrill,Merrill,Merrill,Merrill,M,50
Junious,Julious,Julious,Junior,Junious,Julious,Julious,Junious,M,51
Minnie,Minnie,Mannie,Minnie,Minnie,Mannie,M,51
Dorsey,Dorsey,Dorsey,Dorsey,M,51
Merritt,Merritt,Gerrit,Merritt,Merritt,M,51
Leland,Leland,Leland,Leland,M,52
Olin,Olin,Olin,Olin,M,52
Thornton,Thornton,Thornton,Thornton,M,52
Jean,Jean,Jean,Jean,M,52
Dean,Dean,Dean,Dean,M,52
Dell,Dell,Dell,Dell,M,52
Bennett,Bennett,Bennett,Bennett,M,52
Cary,Cary,Cary,Cary,M,52
Jesus,Jesus,Jesus,Jesus,M,52
Henery,Henery,Henery,Henery,M,53
Gerald,Gerald,Gerald,Gerald,M,53
Lucious,Lucious,Lucious,Lucious,M,54
Haywood,Haywood,Haywood,Haywood,M,54
Duncan,Duncan,Duncan,Duncan,M,54
Axel,Axel,Axel,Axel,M,54
Webster,Webster,Webster,Webster,M,55
Elton,Elton,Eldon,Elton,Elton,M,56
Olaf,Ola,Olaf,Olaf,Olaf,M,56
Mathias,Mathias,Mathias,Mathias,M,56
Cicero,Cicero,Cicero,Cicero,M,56
Turner,Turner,Turner,Turner,M,57
Watson,Watson,Watson,Watson,M,57
West,West,West,Weston,West,M,57
Eldridge,Eldridge,Elbridge,Eldridge,Eldred,Eldred,Eldridge,M,57
Raleigh,Raleigh,Raleigh,Raleigh,M,57
Hollis,Hollie,Holly,Hollis,Hollis,Hollie,Hollis,Hollie,M,58
Carey,Carey,Carey,Carey,M,58
Tobe,Tobe,Tobe,Tobe,M,58
Loyd,Loyd,Loy,Loyd,Loyd,M,59
Elmo,Elmo,Elmo,Elmo,M,59
Fritz,Fritz,Fritz,Fritz,M,59
Reese,Reece,Reece,Reese,Reese,Reece,Reece,Reese,M,60
Oren,Oren,Oren,Oren,M,60
Alford,Alford,Alford,Alford,M,60
Houston,Houston,Houston,Houston,M,60
Dwight,Dwight,Dwight,Dwight,M,61
Clair,Clair,Blair,Clair,Clair,Blair,M,61
Avery,Avery,Avery,Avery,M,62
Smith,Smith,Smith,Smith,M,62
Gabriel,Gabriel,Gabriel,Gabriel,M,62
Cassius,Cassius,Cas,Cass,Cassius,Cassius,M,62
Ephraim,Ephraim,Ephram,Ephraim,Ephraim,M,62
Orin,Orin,Orin,Orin,M,62
Valentine,Valentine,Valentine,Val,Valentine,M,63
Logan,Logan,Logan,Logan,M,63
Wm,Wm,Wm,Wm,M,63
Ezekiel,Ezekiel,Ezekiel,Ezekiel,M,63
Ramon,Damon,Ramon,Ramon,Ramon,M,64
Noble,Noble,Noble,Noble,M,65
Wilmer,Wilmer,Wilmer,Wilmer,M,65
Enos,Enos,Enos,Enos,M,66
Minor,Miner,Minor,Minor,Minor,Miner,M,66
Mont,Montgomery,Mont,Monte,Montgomery,Mont,Mont,Montgomery,M,67
Adrian,Adrian,Adrien,Adrian,Adrian,M,67
Randolph,Randolph,Randolph,Randolph,M,68
Coleman,Coleman,Coley,Coleman,Coleman,Coley,M,69
Howell,Howell,Lowell,Howell,Lowell,Howell,Lowell,Powell,M,69
Prince,Prince,Prince,Prince,M,69
Colonel,Colin,Colonel,Colin,Colonel,Colin,Colonel,Colin,M,70
Truman,Truman,Truman,Truman,M,70
Hamilton,Hamilton,Hamilton,Hamilton,M,70
Jordan,Jordan,Jordan,Jordan,M,70
Adelbert,Adelbert,Adelbert,Adelbert,M,70
Lawson,Lawson,Lawson,Lawson,M,71
Elza,Elza,Elza,Elza,M,71
Benton,Benton,Denton,Belton,Benton,Benton,Belton,Fenton,M,72
Lindsey,Lindsay,Lindsay,Lindsey,Linus,Lindsay,Lindsey,Lindsey,M,72
Sterling,Starling,Sterling,Starling,Sterling,Sterling,M,72
Aubrey,Aubrey,Aubrey,Aubrey,M,72
Simeon,Simeon,Simeon,Simeon,M,72
Neil,Neil,Neil,Neil,M,72
Henderson,Hence,Henderson,Henderson,Henderson,M,73
Parker,Park,Parker,Park,Parker,Park,Parker,M,73
Lafayette,Lafayette,Lafayette,Lafayette,M,74
Murray,Murray,Murray,Murry,Murray,M,75
Micheal,Michel,Micheal,Micheal,Micheal,Michel,M,75
Hamp,Hampton,Hamp,Hampton,Hamp,Hampton,Hampton,Hamp,M,76
Aloysius,Alois,Aloysius,Alois,Aloysius,Alois,Aloysius,Alois,M,76
Orlando,Orla,Orlando,Orla,Orlando,Orla,Orlando,M,76
Ulysses,Ulysses,Ulysses,Ulysses,M,76
Addison,Addison,Addison,Addison,M,77
Lenard,Len,Lenard,Len,Lenard,Len,Len,Lenard,M,78
Ellsworth,Ellsworth,Ellsworth,Ellsworth,M,78
Thaddeus,Thad,Thaddeus,Thad,Thad,Thaddeus,Thaddeus,Thad,M,78
Harmon,Harmon,Harmon,Harmon,M,78
Almon,Almon,Ammon,Alfonso,Alfonso,Almon,Almond,Almon,Alfonso,Ammon,M,80
Israel,Israel,Israel,Israel,M,80
Isom,Isom,Isom,Isom,M,80
Jules,Jules,Jule,Jules,Jule,Jules,M,81
Lige,Lige,Lige,Lige,M,83
Judge,Judge,Judge,Judge,M,83
Dick,Dick,Dick,Dick,M,83
Arlie,Arlington,Artie,Artie,Arlington,Artie,Arlie,Arlie,Artie,Arlington,M,84
Leander,Leander,Leander,Leander,M,84
Burl,Burley,Burl,Burley,Burl,Burley,Burl,Burley,M,85
Pleasant,Pleas,Pleasant,Pleas,Pleas,Pleasant,Pleas,Pleasant,M,86
Caleb,Caleb,Caleb,Caleb,M,86
Garrett,Jarrett,Garrett,Garret,Garnett,Garrett,Garnett,Garnet,Garrett,Garret,M,87
Fay,Fayette,Fay,Fayette,Fay,Fayette,Fay,Fayette,M,87
Josiah,Josiah,Josiah,Josiah,M,88
Stewart,Stewart,Stewart,Steward,Stewart,M,89
Boyd,Boyd,Boyd,Boyd,M,90
Pedro,Pedro,Pedro,Pedro,M,90
Orrin,Orren,Orrie,Orrin,Orrie,Orrin,Orrie,Orrin,Orrie,M,91
Pierce,Pierre,Pierre,Pierce,Pierce,Pierre,Pierre,Pierce,M,91
Otho,Otho,Otho,Otho,M,91
Dallas,Dallas,Dallas,Dallas,M,91
Milo,Milo,Milo,Milo,M,92
Dewitt,Dewitt,Dewitt,Dewitt,M,92
Garland,Harlan,Harlan,Garland,Garland,Harlan,Harland,Garland,Harland,Harlan,M,93
King,King,King,King,M,95
Isiah,Isiah,Isiah,Isiah,M,96
Bart,Bartholomew,Barton,Bart,Bartholomew,Barton,Barton,Bartholomew,Bart,Bart,Barton,Bartholomew,M,97
Dee,Dee,Dee,Dee,M,97
Madison,Madison,Madison,Madison,M,99
Morgan,Morgan,Morgan,Morgan,M,99
Freeman,Freeman,Freeman,Freeman,M,100
Zack,Zack,Zack,Zack,M,101
Forest,Forest,Forest,Forest,M,103
Foster,Foster,Foster,Foster,M,104
Erastus,Ernst,Erasmus,Ernst,Erastus,Erasmus,Erastus,Ernst,Erasmus,Ernst,M,104
Waldo,Walton,Waldo,Walton,Weldon,Waldo,Walton,Walton,Waldo,Weldon,M,105
Evan,Evans,Evan,Evans,Evan,Evans,Evan,M,105
Elwood,Elwood,Elwood,Elwood,M,105
Ivan,Ivan,Ivan,Ivan,Iva,M,105
Hal,Hallie,Halsey,Hal,Halsey,Hall,Halbert,Hal,Hallie,Hal,Hallie,M,106
Malcolm,Mal,Malcom,Malcolm,Malcolm,Malcom,Malcolm,Malcom,Mal,M,106
Omer,Omer,Omer,Omer,M,106
Fletcher,Fletcher,Fletcher,Fletcher,M,107
Napoleon,Napoleon,Napoleon,Napoleon,M,107
Dudley,Dudley,Dudley,Dudley,M,109
Judson,Hudson,Judson,Hudson,Judson,Judson,M,109
Kenneth,Kenneth,Kenneth,Kenneth,M,109
Hans,Hans,Hans,Hansford,Hans,Hanson,M,110
Carroll,Carroll,Carroll,Carroll,M,111
Lynn,Lynn,Lynn,Lynn,M,111
Chauncey,Chauncey,Chauncey,Chauncey,Chauncy,M,112
Benjiman,Benjiman,Benjiman,Benjiman,M,113
Ned,Ned,Ned,Ned,M,114
Abner,Abner,Abner,Abner,M,116
Douglas,Douglas,Douglas,Douglas,Douglass,M,116
Hugo,Hugo,Hugo,Hugo,M,117
Seth,Seth,Seth,Seth,M,117
Cleveland,Cleveland,Cleveland,Cleve,Cleveland,Cleve,M,118
Mary,Mary,Mary,Mary,M,118
Wilford,Milford,Wilford,Milford,Wilford,Milford,Wilford,Milford,Tilford,M,120
Porter,Porter,Porter,Porter,M,121
Spencer,Spencer,Spencer,Spencer,M,122
Karl,Karl,Karl,Karl,M,123
Ward,Ward,Ward,Ward,M,124
Forrest,Forrest,Forrest,Forrest,M,127
Sandy,Sanders,Handy,Sandy,Sanders,Handy,Sandy,Sanders,Handy,Sandy,Sanders,Tandy,M,129
Lyman,Hyman,Lyman,Lyman,Lyman,Hyman,M,130
Alphonse,Alpha,Alphonso,Alphonse,Alpha,Alphonso,Alphonse,Alpha,Alphonso,Alphonse,Alpha,Alphonso,Alphonsus,M,133
Mason,Jason,Jason,Mason,Jason,Mason,Jason,Mason,M,134
Sanford,Manford,Sanford,Sanford,Manford,Sanford,Manford,M,134
Taylor,Taylor,Taylor,Gaylord,Taylor,M,135
Green,Green,Green,Greene,Green,M,137
Elisha,Elisha,Elisha,Elisha,M,138
Mitchell,Mitchel,Mitchell,Mitchell,Mitchel,Mitchell,Mitchel,M,139
Isaiah,Isaiah,Isaiah,Isaiah,M,139
Neal,Neal,Neal,Neal,M,140
Pink,Pinkney,Pink,Pinkney,Pink,Pinkney,Pink,Pinkney,M,143
Lucius,Lucius,Lucius,Lucius,M,143
Perley,Merle,Parley,Perley,Merle,Merle,Perley,Parley,Merle,Perley,Perl,M,145
Lucien,Lucian,Lucian,Lucien,Lucian,Lucien,Lucian,Lucien,M,146
Merton,Morton,Merton,Morton,Morton,Merton,Merton,Morton,M,146
Jeremiah,Jeremiah,Jere,Jeremiah,Jeremiah,M,146
Van,Vann,Van,Van,Van,M,147
Ambrose,Ambrose,Ambrose,Ambrose,M,149
Arnold,Arnold,Arnold,Arnold,M,150
Nick,Nick,Nick,Nick,M,150
Wilfred,Winfred,Wilfred,Winfred,Wilfred,Winfred,Wilfred,Winfred,M,151
Ezra,Ezra,Ezra,Ezra,M,152
Wayne,Warner,Wayne,Warner,Wayne,Warner,Wayne,Warner,M,153
Major,Major,Major,Major,M,153
Ferdinand,Ferd,Ferdinand,Ferd,Ferdinand,Ferdinand,Ferd,M,153
Tony,Tony,Tony,Tony,M,156
Julian,Julian,Julian,Julian,M,157
General,Gene,General,Gene,General,Gene,General,Gene,M,157
Conrad,Conrad,Conrad,Conrad,M,158
Gordon,Gordon,Gordon,Gordon,M,158
Bud,Budd,Bud,Bud,Bud,Budd,M,161
Roland,Roland,Nolan,Roland,Roman,Roland,Roman,M,162
Bennie,Jennie,Bernie,Bennie,Bennie,Bernie,Lennie,Benny,Jennie,Bennie,Bernie,Lennie,M,164
Luke,Luke,Luke,Luke,M,167
Delbert,Delbert,Delbert,Delbert,Delmer,M,167
Jerome,Jerome,Jerome,Jerome,M,169
Washington,Wash,Washington,Wash,Wash,Washington,Wash,Washington,M,170
Ruben,Rubin,Rube,Ruben,Rube,Ruben,Rubin,Rube,Ruben,Rube,M,171
Juan,Juan,Juan,Juan,M,173
Ole,Olen,Ole,Olen,Ole,Ole,Olen,Oley,M,174
Chas,Chas,Chas,Chas,M,176
Anderson,Anderson,Anderson,Anderson,M,179
Cecil,Cecil,Cecil,Cecil,M,184
Emanuel,Emanuel,Emanuel,Emanuel,M,184
Vincent,Vance,Vincent,Vance,Vincent,Vance,Vince,Vincent,Vance,M,185
Marcus,Marcus,Marius,Marcus,Marius,Marcus,M,186
Cyrus,Cyrus,Cyrus,Cyrus,M,187
Barney,Barnett,Barney,Barney,Burney,Barney,M,194
Enoch,Enoch,Enoch,Enoch,M,195
Sherman,Sherman,Sherman,Sherman,M,199
Clem,Clement,Clemente,Clement,Clem,Clem,Clement,Clem,Clement,M,203
Bruce,Bruce,Bruce,Brice,Bruce,M,205
Scott,Scott,Scott,Scott,M,206
Preston,Press,Preston,Press,Preston,Press,Preston,M,207
Elias,Elias,Elias,Elias,M,207
Andy,Andy,Andy,Andy,M,210
Mathew,Math,Mathew,Math,Mathew,Mathew,M,211
Ike,Ike,Ike,Ike,M,214
Bob,Bob,Bob,Bob,M,217
Abe,Abel,Abe,Abel,Abe,Abel,Abe,Abel,M,222
Hubert,Hubert,Heber,Hubert,Heber,Hubert,Heber,M,222
Wade,Wade,Wade,Wade,M,226
Columbus,Columbus,Columbus,Columbus,M,226
Monroe,Monroe,Monroe,Monroe,M,233
Rudolph,Rudolph,Rudolph,Rudolf,Rudolph,M,234
Grover,Grover,Grover,Grover,Grove,M,238
Jonas,Jonathan,Jones,Jonah,Jonas,Jonathan,Jones,Jonah,Jonathan,Jonas,Jones,Jonah,Jonas,Jonathan,Jonah,M,238
Austin,Justin,Austin,Justin,Austin,Austin,M,242
Pearl,Pearl,Pearlie,Pearl,Pearley,Pearl,M,243
Grant,Granville,Grant,Granville,Grant,Granville,Grant,Granville,M,246
Asa,Asa,Asa,Asa,M,248
Rolla,Rollie,Rollin,Rolland,Rowland,Rolla,Rollin,Rollie,Rollo,Roll,Rolland,Rolla,Rollie,Rolland,Rollin,Rowland,Rollo,Rolla,Rolland,Rollin,Rollie,M,250
Miles,Giles,Miles,Giles,Miles,Giles,Mills,Miles,Giles,M,256
Orville,Orval,Orville,Orval,Orville,Orval,Orville,Orval,M,262
Dock,Doc,Dock,Doc,Dock,Doc,Dock,Doc,M,263
Winfield,Winfield,Winfield,Winfield,Winnie,M,263
Bill,Billie,Billy,Bill,Billie,Billy,Bill,Billie,Billy,Bill,M,264
Lorenzo,Loren,Loran,Lorin,Lorenzo,Loren,Lorenza,Lorenzo,Loren,Loran,Lorenz,Loren,Lorenzo,M,268
Owen,Owen,Owen,Owen,M,273
Nicholas,Nicholas,Nicholas,Nickolas,Nicholas,Nickolas,M,278
Lemuel,Lem,Lemuel,Lem,Lemuel,Lem,Lemuel,Lem,M,281
Stanley,Stanley,Stanley,Stanley,M,285
Curtis,Curt,Curtis,Curt,Curtis,Curtis,Curt,M,287
Steve,Steven,Steve,Steven,Steve,Steven,Steve,Steven,M,288
Russell,Russel,Russell,Russel,Russell,Russel,Russell,M,290
Max,Maxwell,Max,Max,Maxwell,Max,Maxwell,M,292
Newton,Newt,Newton,Newt,Newton,Newt,Newton,Newt,M,292
Wilson,Wilson,Wilson,Wilson,M,294
Reuben,Reuben,Reuben,Reuben,M,295
Joshua,Josh,Joshua,Josh,Joshua,Josh,Joshua,Josh,M,296
Virgil,Virgil,Virgil,Virgil,M,296
Burt,Burton,Burton,Burt,Burton,Burt,Burton,Burt,M,299
Manuel,Manuel,Manuel,Mance,Manuel,M,303
Mike,Mike,Mike,Mikel,Mike,M,306
Sylvester,Sylvester,Sylvester,Sylvester,M,308
Glenn,Glen,Glenn,Glen,Glenn,Glen,Glenn,Glen,M,313
Clayton,Clay,Clayton,Clay,Clayton,Clay,Clayton,Clay,M,314
Timothy,Tim,Timothy,Tim,Timothy,Tim,Timothy,Tim,M,317
Byron,Myron,Byron,Myron,Byron,Myron,Byron,Myron,M,327
Ora,Oran,Oral,Ora,Orange,Oran,Ora,Orange,Oran,Ora,Oran,Orange,Oral,M,330
Solomon,Sol,Solon,Salomon,Soloman,Solomon,Sol,Solon,Soloman,Solomon,Sol,Soloman,Solon,Solomon,Sol,Soloman,M,332
Ross,Ross,Ross,Ross,M,335
Vernon,Vern,Verne,Vernon,Vern,Verne,Vernon,Vern,Verne,Vernon,Vern,Verne,M,337
Donald,Don,Donald,Don,Donald,Don,Don,Donald,Ronald,M,339
Felix,Felipe,Felix,Felix,Felipe,Felix,Felipe,M,344
Silas,Silas,Silas,Silas,Milas,M,347
Alva,Alvah,Alva,Alvah,Alva,Alvah,Alva,Alvah,M,352
Phillip,Phillip,Phillip,Phillip,M,354
Marshall,Marshal,Marshall,Marshal,Marshall,Martha,Marsh,Marshal,Marshall,Marshal,Martha,M,355
Maurice,Maurice,Maurice,Maurice,M,356
Ollie,Allie,Ollie,Allie,Ollie,Allie,Ollie,Allie,Ellie,M,357
Mark,Mark,Mark,Mark,M,360
Morris,Norris,Morris,Norris,Morris,Norris,Morris,Norris,M,367
Earnest,Earnest,Earnest,Earnest,M,371
Hiram,Hiram,Hiram,Hiram,M,372
Roscoe,Roscoe,Roscoe,Roscoe,Rosco,M,373
Noah,Noah,Noah,Noah,M,373
Jay,Jay,Jay,Jay,M,376
Wilbur,Wilburn,Wilbur,Wilburn,Wilbur,Wilburn,Wilbur,Wilburn,M,379
Jake,Jake,Jake,Jake,M,381
Otis,Otis,Otis,Otis,M,382
Wallace,Wallace,Wallace,Wallace,M,382
Aaron,Aaron,Aaron,Aaron,M,386
Garfield,Garfield,Garfield,Garfield,M,387
Jeff,Jefferson,Jeff,Jefferson,Jeff,Jefferson,Jeff,Jefferson,M,392
Levi,Levi,Levi,Levi,M,406
Cornelius,Cornelious,Cornelius,Cornelious,Cornelius,Cornelious,Cornelius,Cornelious,M,409
Norman,Norman,Norman,Norman,M,410
Jasper,Casper,Jasper,Casper,Jasper,Casper,Jasper,Casper,M,414
Abraham,Abram,Ab,Abraham,Abram,Abraham,Abram,Ab,Abraham,Abram,M,416
Leslie,Leslie,Leslie,Leslie,Lessie,M,418
Victor,Victor,Victor,Victor,M,418
Simon,Sim,Simon,Sim,Simon,Sim,Simon,Sim,M,423
Percy,Percival,Percy,Percival,Percy,Percival,Percy,Percival,M,427
Melvin,Melville,Mervin,Melvin,Mervin,Melville,Melvin,Melville,Mervin,Melvin,Melville,Mervin,M,430
Ellis,Elliott,Elliot,Allison,Ellis,Elliott,Allison,Elvis,Ellison,Ellis,Elliott,Allison,Ell,Ellis,Elliott,Allison,Ellison,M,433
Emery,Emory,Emerson,Emery,Emory,Emerson,Emery,Emory,Emerson,Emery,Emory,Emerson,M,439
Edmund,Edmond,Edmund,Edmond,Edmund,Edmond,Edmund,Edmond,M,439
Adam,Adam,Adam,Adam,M,441
Mack,Mac,Mack,Mac,Mack,Mack,Mac,M,446
Nelson,Nels,Nelson,Nels,Nelson,Nels,Nelson,Nels,M,447
Lester,Lester,Lester,Vester,Luster,Lester,M,457
Harold,Harold,Harold,Harold,M,468
Emmett,Emmet,Emmitt,Emmett,Emmet,Emmitt,Emmett,Emmet,Emmitt,Emmit,Emmett,Emmet,Emmitt,Emmit,M,475
Amos,Amos,Amos,Amos,M,477
Adolph,Adolphus,Adolf,Adolph,Adolphus,Adolph,Adolphus,Adolf,Adolph,Adolphus,Adolf,M,480
Wesley,Wes,Wesley,Wesley,Lesley,Wesley,Lesley,M,490
Dennis,Dennis,Dennie,Dennis,Dennie,Dennis,Dennie,M,491
Wiley,Riley,Wiley,Riley,Wiley,Riley,Wiley,Riley,M,505
Anton,Antonio,Alton,Anson,Anton,Antonio,Alton,Anson,Antone,Anton,Antonio,Alton,Anson,Antoine,Antone,Anton,Antonio,Alton,Anson,Antone,Antoine,M,515
Alonzo,Alonza,Alonzo,Alonza,Elonzo,Alonzo,Alonza,Alanzo,Alonzo,Alonza,M,517
Anthony,Anthony,Anthony,Anthony,M,540
Dave,Dave,Dave,Dave,M,540
Leroy,Leroy,Leroy,Leroy,M,548
Rufus,Rufus,Rufus,Rufus,M,556
Bernard,Bernard,Bernard,Bernard,Verna,M,560
Clinton,Clifton,Clint,Clinton,Clifton,Clint,Clinton,Clifton,Clint,Clinton,Clifton,Clint,M,563
Clifford,Cliff,Clifford,Cliff,Clifford,Cliff,Clifford,Cliff,M,565
Gilbert,Wilbert,Wilber,Gilbert,Wilbert,Wilber,Gilbert,Wilber,Wilbert,Gilbert,Wilbert,Wilber,M,572
Calvin,Cal,Calvin,Cal,Calvin,Cal,Calvin,Cal,M,576
Lon,Lonnie,Lonzo,Lonie,Lonnie,Lon,Lonzo,Lonie,Lonnie,Lon,Lonzo,Lonie,Lone,Lonnie,Lon,Lonzo,Loney,Lonie,M,577
Everett,Evert,Everette,Everett,Evert,Evertt,Everett,Evert,Everette,Everett,Evert,Everette,M,580
Matthew,Matt,Mat,Mattie,Matthew,Matt,Mat,Matthew,Matt,Mat,Mattie,Matthews,Matthew,Matt,Mat,M,589
Alvin,Alvie,Elvin,Albin,Alvia,Alvin,Elvin,Alvis,Alvie,Albin,Alvin,Elvin,Albin,Alvie,Alvis,Alvin,Elvin,Alvie,Albin,Alvis,Alvan,M,604
Moses,Mose,Moses,Mose,Moses,Mose,Moses,Mose,M,636
Warren,Warren,Warren,Warren,M,643
Willard,Millard,Willam,Dillard,Hillard,Willard,Millard,Willam,Dillard,Willard,Millard,Dillard,Willam,Willard,Millard,Dillard,Willam,M,648
Milton,Wilton,Milton,Wilton,Milton,Wilton,Melton,Hilton,Milton,Melton,Wilton,Hilton,M,651
Sidney,Sydney,Sid,Sidney,Sid,Sydney,Sidney,Sid,Sydney,Sidney,Sydney,Sid,M,659
Emil,Emile,Emil,Emile,Emil,Emile,Emilio,Emil,Emile,Emilio,M,663
Stephen,Stephen,Stephen,Stephen,M,664
Nathan,Nathaniel,Nat,Nathanial,Nathan,Nathaniel,Nat,Nathan,Nathaniel,Nat,Nathan,Nathaniel,Nat,M,678
Marion,Marion,Marian,Marion,Marian,Marion,M,682
Julius,Junius,Julius,Junius,Julius,Junius,Julia,Julius,Junius,M,692
Horace,Horace,Horace,Horace,M,694
Elijah,Eli,Eligah,Eliza,Eliga,Eli,Elijah,Elijah,Eli,Eligah,Eliga,Elijah,Eli,M,749
Eddie,Edd,Addie,Eddie,Edd,Addie,Eddie,Edd,Addie,Eddie,Edd,Addie,M,758
Philip,Phil,Philo,Philip,Phil,Philo,Philip,Phil,Philip,Phil,M,766
Homer,Homer,Homer,Homer,M,786
Christopher,Chris,Christian,Christ,Christopher,Christian,Chris,Christ,Christopher,Christian,Chris,Christ,Christopher,Christian,Chris,Christ,M,799
Irvin,Irving,Ervin,Irwin,Irven,Irvin,Irving,Ervin,Irwin,Erving,Irvin,Irving,Ervin,Irwin,Irven,Irvin,Ervin,Irving,Irwin,Irvine,M,813
Allen,Allan,Alden,Allen,Allan,Alden,Allen,Allan,Alden,Allen,Allan,Alden,M,844
Theodore,Theo,Theadore,Theodore,Theo,Theodore,Theo,Theadore,Theodore,Theo,Theadore,M,888
Hugh,Hugh,Hugh,Hugh,M,897
Guy,Guy,Guy,Guy,M,902
Gus,Gustave,Gustav,Gust,Guss,Gustaf,Gustavus,Gus,Gustave,Gust,Gustav,Guss,Gustaf,Gustavus,Gus,Gustave,Gustav,Gust,Guss,Gustavus,Gustaf,Gus,Gustave,Gustav,Guss,Gust,Gustaf,M,911
Oliver,Oliver,Oliver,Oliver,M,935
Archie,Arch,Archibald,Archie,Arch,Archibald,Archie,Arch,Archibald,Archie,Arch,Archibald,M,978
Patrick,Pat,Patrick,Pat,Patrick,Pat,Patricio,Patrick,Pat,M,983
Otto,Otto,Otto,Ott,Otto,M,990
Ira,Ira,Ira,Ira,M,1018
Chester,Chester,Chester,Chester,M,1032
Jack,Jackson,Jack,Jackson,Jack,Jackson,Jack,Jackson,M,1071
Luther,Rutherford,Auther,Luther,Auther,Rutherford,Luther,Auther,Rutherford,Luther,Auther,Rutherford,M,1074
Clyde,Clyde,Clyde,Clyde,Clide,M,1087
Isaac,Issac,Isaac,Issac,Isaac,Issac,Isaac,Issac,M,1094
Jerry,Perry,Berry,Terry,Perry,Jerry,Berry,Perry,Jerry,Berry,Terry,Perry,Jerry,Berry,Terry,M,1098
Lawrence,Laurence,Lawrence,Laurence,Lawrence,Laurence,Lawrence,Laurence,M,1175
August,Augustus,Angus,Augustine,Augustin,Augusta,August,Augustus,Angus,Augustine,Augustin,August,Augustus,Angus,Augustine,Auguste,August,Augustus,Angus,Augustine,M,1192
Edwin,Erwin,Edwin,Erwin,Edwin,Erwin,Elwin,Edwin,Erwin,Elwin,M,1269
Floyd,Lloyd,Cloyd,Floyd,Lloyd,Cloyd,Floyd,Lloyd,Cloyd,Floyd,Lloyd,Cloyd,M,1279
Michael,Michael,Michael,Michael,M,1280
Eugene,Eugene,Eugene,Eugene,M,1308
Paul,Paul,Paul,Paul,M,1347
Alexander,Alex,Alexander,Alex,Alexander,Alex,Alexander,Alex,M,1385
Herman,Hermann,Harman,Hermon,Herman,Hermann,Herman,Hermann,German,Herman,Harman,Hermann,M,1408
Ralph,Ralph,Ralph,Ralph,M,1438
Bert,Bertram,Bertrand,Bertie,Berton,Bert,Bertram,Bertie,Berton,Bertrand,Bertha,Bert,Bertram,Bertie,Berton,Bertha,Bertrand,Bert,Bertram,Bertie,Berton,Bertha,Bertrand,M,1468
Jim,Jimmie,Jim,Jimmie,Jim,Jimmie,Jim,Jimmie,Jimmy,M,1483
Raymond,Ray,Raymond,Ray,Raymond,Ray,Raymond,Ray,M,1510
Lee,Lee,Lee,Lee,M,1518
Jacob,Jacob,Jacob,Jacob,M,1531
Earl,Earle,Early,Earl,Earle,Early,Earl,Earle,Early,Earl,Earle,Early,M,1564
Howard,Howard,Howard,Howard,M,1567
Harvey,Harley,Harve,Hervey,Harvey,Harley,Harve,Harvey,Harley,Harve,Hervey,Harvey,Harley,Harve,M,1599
Claude,Claud,Claus,Claude,Claud,Claude,Claud,Claudie,Claude,Claud,M,1645
Herbert,Herbert,Herbert,Herbert,M,1646
Tom,Tomas,Tommie,Tommy,Tom,Tomas,Tommie,Tommy,Tom,Tomas,Tommie,Tommy,Tom,Tomas,Tommy,Tommie,M,1665
Elmer,Elmore,Elder,Elmer,Elder,Elmore,Elmer,Elmore,Ellery,Elmer,Elmore,Elder,M,1687
Martin,Marvin,Mart,Martin,Marvin,Mart,Martin,Marvin,Mart,Martin,Marvin,M,1731
Carl,Carlos,Carlton,Carleton,Carl,Carlos,Carlton,Carl,Carlton,Carlos,Carleton,Carl,Carlos,Carlton,Carleton,M,1857
Lewis,Lew,Lewie,Lewis,Lew,Lewis,Lew,Lewie,Lewis,Lew,M,1894
Leonard,Leo,Leon,Leonard,Leo,Leon,Leonard,Leo,Leon,Leonard,Leo,Leon,M,1904
Alfred,Alf,Alfred,Alf,Alfred,Alf,Alfred,Alf,M,1948
Peter,Pete,Peter,Pete,Peter,Pete,Peter,Pete,M,2045
Roy,Royal,Roy,Royal,Roy,Royal,Roy,Royal,M,2051
Oscar,Oscar,Oscar,Oscar,M,2306
Ernest,Ernest,Ernest,Ernest,M,2469
Andrew,Andres,Andre,Andrew,Andres,Andrew,Andres,Andrew,Andres,M,2571
Richard,Rich,Richard,Rich,Richard,Rich,Richard,M,2790
Charlie,Charlie,Charlie,Charlie,M,2794
Joe,Joel,Joeseph,Joe,Joel,Joesph,Joe,Joel,Joesph,Joeseph,Joe,Joel,M,2943
Daniel,Dan,Danial,Daniel,Dan,Danial,Daniel,Dan,Daniel,Dan,Danial,M,2960
David,Davis,Davie,David,Davis,David,Davis,Davie,David,Davis,M,3252
Benjamin,Ben,Benjamine,Benjaman,Benjamin,Ben,Benjamine,Benjaman,Benjamin,Ben,Benjaman,Benjamine,Benjamin,Ben,Benjamine,Benjaman,M,3290
Clarence,Clark,Clara,Clarance,Clare,Clarence,Clark,Clara,Clarance,Clarence,Clark,Clarance,Clare,Clabe,Clarence,Clark,Clarance,Clare,Clara,M,3391
Jesse,Jessie,Jess,Jessee,Jesse,Jessie,Jess,Jesse,Jessie,Jess,Jesse,Jessie,Jess,M,3417
Louis,Louie,Lou,Louis,Louie,Lou,Louise,Louis,Louie,Lou,Louise,Louis,Louie,Lou,Louise,M,3443
Samuel,Sam,Samual,Samuel,Sam,Samual,Samuel,Sam,Samual,Samul,Samuel,Sam,Samual,M,5886
Albert,Elbert,Al,Albertus,Almer,Albert,Elbert,Al,Albert,Elbert,Al,Alberto,Almer,Albert,Elbert,Al,Albertus,M,6272
Arthur,Arther,Art,Authur,Arthur,Arther,Art,Authur,Arthur,Arther,Art,Arthur,Arther,Art,Authur,M,6590
Walter,Walker,Walter,Walker,Walter,Walker,Walter,Walker,M,7037
Fred,Frederick,Fredrick,Frederic,Freddie,Fred,Frederick,Fredrick,Frederic,Freddie,Fredric,Fred,Frederick,Fredrick,Frederic,Fredric,Fred,Frederick,Fredrick,Frederic,Freddie,M,8386
Harry,Harrison,Hardy,Harris,Larry,Garry,Harrie,Harry,Harrison,Hardy,Harris,Larry,Harvy,Harry,Harrison,Hardy,Harris,Larry,Garry,Harry,Harrison,Harris,Hardy,Larry,Barry,M,8967
Robert,Roger,Robert,Roger,Robert,Roger,Robert,Roger,M,9498
Henry,Henry,Henry,Henry,M,9745
Thomas,Thomas,Thomas,Thompson,Thomas,M,9747
Joseph,Jose,Joseph,Jose,Joseph,Jose,Josephus,Joseph,Jose,Josephus,M,10613
Edward,Ed,Edgar,Edward,Edgar,Ed,Edward,Ed,Edgar,Edward,Edgar,Ed,M,11629
Frank,Francis,Franklin,Francisco,Frances,Frank,Francis,Franklin,Francisco,Frances,Frank,Francis,Franklin,Francisco,Frances,Frank,Francis,Franklin,Francisco,Frances,M,14036
George,Geo,George,Geo,George,Geo,George,Geo,M,19770
Charles,Charley,Charles,Charley,Charles,Charley,Charles,Charley,Charle,M,20993
James,James,James,James,M,22483
John,Johnnie,Johnny,Johnie,Johnson,John,Johnnie,Johnie,Johnny,Johnson,Johnathan,John,Johnnie,Johnie,Johnny,Johnson,John,Johnnie,Johnie,Johnny,Johnson,M,37235
William,Will,Willie,Willis,Williams,Willian,William,Will,Willie,Willis,Willian,Williams,William,Will,Willie,Willis,Willian,Williams,William,Will,Willie,Willis,Williams,Willian,M,40761
