Zed,M,5
Worley,M,5
Winifred,M,5
Willaim,M,5
True,M,5
Toby,M,5
Seldon,M,5
Sameul,M,5
Ruel,M,5
Rudy,M,5
Raphael,M,5
Rance,M,5
Orva,M,5
Norton,M,5
Nicolas,M,5
Moody,M,5
Loyal,M,5
Love,M,5
Lott,M,5
Leverett,M,5
Leonce,M,5
Lenzy,M,5
Leigh,M,5
Laura,M,5
Kay,M,5
Jhon,M,5
Gaines,M,5
Fremont,M,5
Fabian,M,5
Ewell,M,5
Essex,M,5
Erle,M,5
Elva,M,5
Ellwood,M,5
Dionicio,M,5
Cortez,M,5
Conley,M,5
Caswell,M,5
Booker,M,5
Bluford,M,5
Bayard,M,5
Amon,M,5
Alvy,M,5
Alcee,M,5
Alby,M,5
Wing,M,5
Wiliam,M,5
Waverly,M,5
Verner,M,5
Vaughn,M,5
Talmage,M,5
Shannon,M,5
Robin,M,5
Pryor,M,5
Prosper,M,5
Page,M,5
Mercer,M,5
Marrion,M,5
Lucy,M,5
Less,M,5
Lawerence,M,5
Kyle,M,5
Juluis,M,5
Jared,M,5
Garner,M,5
Esta,M,5
Esequiel,M,5
Emry,M,5
Emit,M,5
Darrell,M,5
Craig,M,5
Conway,M,5
Champ,M,5
Atticus,M,5
Arden,M,5
Alto,M,5
Zachariah,M,5
Winston,M,5
Spurgeon,M,5
Sheppard,M,5
Santos,M,5
Phineas,M,5
Nova,M,5
Norval,M,5
Nora,M,5
Nimrod,M,5
Nate,M,5
Myrtle,M,5
Murdock,M,5
Moroni,M,5
Merida,M,5
Manson,M,5
Mace,M,5
Lavern,M,5
Knute,M,5
Kit,M,5
Justice,M,5
Judd,M,5
Jodie,M,5
Jabez,M,5
Isam,M,5
Hays,M,5
Gottlieb,M,5
Gorge,M,5
Gardner,M,5
Esau,M,5
Elroy,M,5
Elick,M,5
Edie,M,5
Denver,M,5
Daisy,M,5
Cyril,M,5
Crockett,M,5
Cleo,M,5
Ceylon,M,5
Boston,M,5
Baldwin,M,5
Aurthur,M,5
Arvid,M,5
Agustus,M,5
Abbott,M,5
Severt,M,6
Seaborn,M,6
Randle,M,6
Littleton,M,6
Linn,M,6
Landon,M,6
Jobe,M,6
Jarvis,M,6
Gerhard,M,6
French,M,6
Domingo,M,6
Cooper,M,6
Camille,M,6
Cameron,M,6
Bascom,M,6
Alexis,M,6
Alan,M,6
Tolbert,M,6
Orlo,M,6
Murphy,M,6
Dixon,M,6
Casimiro,M,6
Cap,M,6
Ashton,M,6
Acie,M,6
Zeke,M,6
Stacy,M,6
Ruby,M,6
Redden,M,6
Ishmael,M,6
Hope,M,6
Holmes,M,6
Hattie,M,6
Friend,M,6
Cruz,M,6
Cato,M,6
Candido,M,6
Blas,M,6
Armand,M,6
Anastacio,M,6
Vicente,M,7
Olie,M,7
Newman,M,7
Lora,M,7
Lemon,M,7
Hilary,M,7
Gail,M,7
Fisher,M,7
Eustace,M,7
Ethan,M,7
Adolfo,M,7
Ruffus,M,7
Helen,M,7
Boss,M,7
Alice,M,7
Tyler,M,7
Tobias,M,7
Rose,M,7
Raoul,M,7
Osborne,M,7
Creed,M,7
Clovis,M,7
Chancy,M,7
Benito,M,7
Algie,M,7
Aden,M,7
Gibson,M,8
Benedict,M,8
Armstead,M,8
Ace,M,8
Thos,M,8
Knox,M,8
Hartwell,M,8
Guadalupe,M,8
Ambers,M,8
Marquis,M,8
Roe,M,9
Deforest,M,9
Cullen,M,9
Lamar,Lazarus,M,10
Reinhold,M,10
Primus,Primus,M,10
Hubbard,Hubbard,M,10
Harvie,Harvie,M,10
Darwin,Darwin,M,10
Callie,Callie,M,10
Wright,Wright,M,10
Schuyler,Schuyler,M,10
Matthias,Matthias,M,10
Linwood,Linwood,M,10
Katherine,Oather,M,10
Hayden,Hayden,M,10
Harl,Harlow,M,10
Enrique,Enrique,M,10
Duff,Duff,M,10
Babe,Babe,M,10
Lane,Lane,M,11
Kirby,Kirby,M,11
Whit,Whit,M,11
Griffin,Griffin,M,11
Dominick,Dominick,M,11
Burke,Burnett,M,11
Lucas,M,11
Sylvanus,Sylvanus,M,11
Lillie,Lillian,M,11
Leonidas,Leonidas,M,11
Lawyer,Lawyer,M,11
Hershel,Hershel,M,11
Ashby,Ashby,M,11
Stanford,Stafford,M,11
Rafe,Rafe,M,11
Ethel,Ethel,M,11
Erie,Erie,M,11
Elam,Elam,M,11
Clarke,Clarke,M,11
Caesar,Caesar,M,11
Ewing,Ewin,M,12
Seward,Seward,M,12
Graham,Graham,M,12
Campbell,Campbell,M,12
Plummer,Plummer,M,12
Carter,M,12
York,York,M,12
Tilmon,Tilman,M,12
Presley,Presley,M,12
Hyrum,Hyrum,M,12
Dow,Dow,M,12
Chalmers,Chalmer,M,12
Wilhelm,Wilhelm,M,12
Grace,Grace,M,12
Golden,Golden,M,12
Duke,Duke,M,12
Dale,Dale,M,13
Elsworth,Elsworth,M,13
Wirt,Wirt,M,13
Woodie,Woodie,M,13
Titus,Titus,M,13
Sammie,Sammie,M,13
Oda,Oda,M,13
Doss,Doss,M,13
Cora,Cora,M,13
Commodore,Commodore,M,13
Weaver,Weaver,M,13
Roderick,Roderick,M,13
Ivey,Ivey,M,13
Delos,Delos,M,13
Tilden,Tilden,M,13
Lionel,Lionel,M,13
Edna,Edna,M,14
Todd,Todd,M,14
Collins,Collie,M,14
Ocie,Ocie,M,14
Harper,Harper,M,14
Edith,Edith,M,14
Brooks,Brooks,M,14
Alpheus,Alpheus,M,14
Alcide,Alcide,M,14
Huston,Huston,M,14
Bernhard,Bernhard,M,14
Manning,Manning,M,15
Meyer,Meyer,M,15
Tracy,Tracy,M,15
Shade,Shade,M,15
Romeo,Rome,M,15
Leopold,Leopold,M,15
Ivory,Ivory,M,15
Stonewall,Stonewall,M,15
Ludwig,Ludwig,M,15
Lafe,Lafe,M,15
Sebastian,Sebastian,M,16
Lue,Lue,M,16
Bee,Bee,M,16
Theophile,Theophile,Theophilus,M,16
Rene,Rene,Rene,M,16
Huey,Huey,Huey,M,16
Kirk,Kirk,M,16
Ples,Ples,M,16
Rice,Rice,M,16
Isreal,Isreal,M,16
Elizabeth,Elizabeth,M,16
Darius,Darius,M,16
Maud,Maude,Maude,M,17
Reed,Reed,M,17
Bessie,Bessie,M,17
Byrd,Byrd,M,17
Gee,Gee,Gee,M,17
Stanton,Stanton,Stanton,M,17
Obed,Obe,Obe,M,17
Elihu,Elihu,M,17
Theron,Theron,M,17
Eben,Eben,M,17
Dempsey,Dempsey,M,17
Okey,Okey,M,18
Angelo,Angelo,Ansel,M,18
Gaston,Gaston,M,18
Lambert,Lambert,M,18
Hosteen,Hosteen,Hosie,M,18
Chesley,Chesley,Chesley,M,18
Yee,Yee,Yee,M,18
Vernie,Vernie,Vernie,M,18
Ernie,Ernie,M,18
Edson,Edson,Edson,M,18
Dora,Dora,M,18
Delmar,Delmar,Delmar,M,18
Bruno,Bruno,Bruno,M,18
Orley,Orley,Orley,M,18
Ida,Ida,Ida,M,18
Ephriam,Ephriam,M,18
Tillman,Tillman,M,18
Octave,Octave,M,18
Godfrey,Godfrey,M,18
Orie,Orie,M,18
Doctor,Doctor,M,18
Humphrey,Humphrey,Humphrey,M,19
Ennis,Ennis,Ennis,M,19
Nellie,Nellie,Nellie,M,19
Author,Author,Author,M,19
Annie,Annie,Annie,M,19
Pablo,Pablo,M,19
Curley,Hurley,Hurley,M,20
Unknown,Unknown,Unknown,M,20
Roswell,Roswell,Roswell,M,20
Elie,Elie,Elie,M,20
Wendell,Wendell,Wenzel,M,20
Ottis,Ottis,Ottie,M,20
Ballard,Ballard,Ballard,M,20
Albion,Albion,Albion,M,20
Bird,Bird,Bird,M,20
Bedford,Bedford,Bedford,M,20
Hayes,Hayes,Hayes,M,20
Carrie,Carrie,Carrie,M,20
Butler,Butler,M,20
Obie,Obie,Obie,M,20
Urban,Urban,Urban,M,20
Buford,Buford,M,20
Wheeler,Wheeler,M,20
Paris,Paris,M,21
Sampson,Sampson,Sampson,M,21
Gregorio,Gregory,Gregory,Gregg,M,21
Vivian,Vivian,Vivian,M,21
Toney,Toney,Toney,M,21
Eber,Eber,Eber,M,21
Fernando,Fernand,Fernando,M,21
Ashley,Ashley,Ashley,M,21
Ossie,Essie,Essie,M,21
Uriah,Uriah,Uriah,M,21
Hilliard,Hilliard,Hilliard,M,21
Margaret,Margaret,Margarito,M,22
Brown,Brown,M,22
Levy,Levy,Levy,M,22
Gary,Gary,Gary,M,22
Rafael,Rafael,Rafael,M,22
Thurman,Thurman,Thurman,M,22
Buster,Buster,Buster,M,22
Elige,Eliseo,Elige,M,22
Volney,Volney,M,22
Travis,Travis,M,22
Santiago,Santiago,M,22
Ebb,Ebbie,Ebbie,Ebb,M,23
Firman,Furman,Furman,M,23
Sumner,Sumner,Sumner,M,23
Malachi,Malachi,Malachi,M,23
Gideon,Gideon,Gideon,M,23
Jewel,Newell,Newell,M,24
Chin,Chin,Chin,M,24
Blaine,Blaine,Blaine,M,24
Coy,Coy,Coy,M,24
Shelton,Sheldon,Shelton,M,24
Birt,Birt,Birt,M,24
Otha,Otha,Otha,M,24
Hoy,Hoyt,Hoyt,Hoy,M,24
Gabe,Gabe,Gabe,M,24
Baxter,Baxter,Baxter,M,24
Ely,Ely,Ely,M,25
Drew,Drew,Drew,M,25
Lyle,Lyle,Lyle,M,25
Richmond,Richmond,Richmond,M,25
Archer,Archer,Archer,M,25
Justus,Justus,Justus,M,25
Asbury,Asbury,Asbury,M,26
Quincy,Quincy,Quincy,M,26
Ford,Ford,Ford,M,26
Oswald,Oswald,Oswald,M,26
Emma,Emma,Emma,M,26
Alec,Alec,Alec,M,26
Isham,Isham,Isham,M,26
Rupert,Rupert,Rupert,M,27
Dexter,Dexter,Dexter,M,27
Watt,Watt,Watt,M,27
Connie,Connie,Connie,Donnie,M,27
Worth,Worthy,Worth,Worth,M,27
Price,Price,Price,M,27
Odie,Odie,Odie,M,27
Wong,Wong,Wong,M,27
Hector,Hector,Hector,M,27
Ivy,Ivy,Ivy,M,28
Orson,Orion,Orson,Orson,M,28
Flem,Fleming,Flem,Fleming,Fleming,M,28
Llewellyn,Llewellyn,Llewellyn,M,28
Shirley,Shirley,Shirley,M,28
Lincoln,Lincoln,Lincoln,M,28
Eric,Eric,Eric,M,28
Herschel,Herschel,Herschel,M,28
Maynard,May,Maynard,M,28
Bailey,Bailey,Bailey,M,28
Anna,Anna,M,28
Horatio,Horatio,Horatio,M,28
Manley,Manly,Manly,Manley,M,29
Carson,Carson,Carson,M,29
Lum,Lum,Lum,M,29
Webb,Webb,Webb,M,29
Egbert,Egbert,Egbert,M,29
Brad,Bradford,Bradley,Bradley,Bradley,M,30
Troy,Troy,Troy,M,30
Aron,Aron,Aron,M,30
Lacy,Lacy,Lacy,M,30
Zeb,Zeb,Zeb,M,30
Marcellus,Marcellus,Marcel,Marcellus,M,30
Hezekiah,Hezekiah,Hezekiah,M,30
Wylie,Wylie,Wylie,M,30
Merrill,Merrill,Merrill,M,30
Saul,Saul,M,30
Kelly,Kelly,Kelly,Kelley,M,31
Buck,Buck,Buck,M,31
Randall,Randall,Randall,M,31
Leland,Leland,Leland,M,31
June,June,June,M,31
Denis,Denis,Denis,M,31
Fate,Fate,Fate,M,31
Miguel,Miguel,Miguel,M,31
Bishop,Bishop,Bishop,M,31
Rodney,Rodney,Rodney,M,31
Ransom,Ransom,Ransom,M,32
Minnie,Minnie,Mannie,Minnie,M,32
Basil,Basil,Basil,M,32
Beverly,Beverly,Beverly,M,32
Young,Young,Young,M,32
Asberry,Asher,Asberry,Asher,Asberry,M,33
Hardin,Hardie,Hardie,Hardin,Hardin,Hardie,M,33
Florence,Flora,Florence,Florence,Florencio,M,33
Isadore,Isadore,Isidore,Isadore,Isidore,M,33
Palmer,Palmer,Palmer,M,33
Noel,Noel,Noel,M,33
Burr,Burrell,Burr,Burrell,M,33
Rush,Rush,Rush,M,33
Jean,Jean,Jean,M,33
Hunter,Hunt,Hunter,Hunter,M,33
Rex,Rex,Rex,M,33
Reginald,Reginald,Reginald,M,33
Mahlon,Mahlon,Mahlon,M,33
Squire,Squire,Squire,M,33
Miller,Miller,Miller,M,34
Woodson,Wood,Wood,Wood,Woodson,Woody,M,34
Olin,Olin,Olin,M,34
Ted,Ted,Ted,M,34
Dayton,Layton,Payton,Dalton,Layton,Dayton,M,35
Crawford,Crawford,Crawford,M,35
Finley,Finley,Finley,M,35
Dana,Dana,Dana,M,35
Webster,Webster,Webster,M,35
Elzie,Elsie,Elzie,Elzie,M,35
Hollis,Hollie,Holly,Hollis,Hollis,Hollie,M,36
Henery,Henery,Henery,M,36
Dolphus,Dolph,Dolphus,Dolphus,Dolph,M,36
Finis,Finis,Finis,M,36
Hosea,Hosea,Hosea,M,36
Haywood,Haywood,Haywood,M,36
Duncan,Duncan,Duncan,M,36
Seymour,Seymour,Seymour,M,36
Omar,Omar,Omar,M,36
Dorsey,Dorsey,Dorsey,M,36
Luis,Luis,Luis,M,37
Wellington,Wellington,Wells,Wellington,M,38
Mortimer,Mortimer,Mortimer,M,38
Mathias,Mathias,Mathias,M,38
Alma,Alma,Alma,M,38
Stuart,Stuart,Stuart,M,38
Bryant,Bryant,Bryant,M,38
Shelby,Shelby,Shelby,Shelly,M,39
Olaf,Ola,Olaf,Olaf,M,39
Thornton,Thornton,Thornton,M,39
Carey,Carey,Carey,M,39
Gerald,Gerald,Gerald,M,40
Raleigh,Raleigh,Raleigh,M,40
Dean,Dean,Dean,M,40
Larkin,Larkin,Larkin,M,40
Jesus,Jesus,Jesus,M,40
Junious,Julious,Julious,Junior,Junious,Julious,M,41
Clair,Clair,Blair,Clair,M,41
Wyatt,Wyatt,Wyatt,M,41
Dell,Dell,Dell,M,41
Reese,Reece,Reece,Reese,Reese,Reece,M,42
Axel,Axel,Axel,M,42
Cary,Cary,Cary,M,42
Merritt,Merritt,Gerrit,Merritt,M,42
Watson,Watson,Watson,M,43
Logan,Logan,Logan,M,43
Elmo,Elmo,Elmo,M,43
Bennett,Bennett,Bennett,M,43
Ramon,Damon,Ramon,Ramon,M,44
Lucious,Lucious,Lucious,M,44
Benton,Benton,Denton,Belton,Benton,M,44
Eldridge,Eldridge,Elbridge,Eldridge,Eldred,M,44
Houston,Houston,Houston,M,44
Orin,Orin,Orin,M,44
Mont,Montgomery,Mont,Monte,Montgomery,Mont,M,45
Cicero,Cicero,Cicero,M,45
Turner,Turner,Turner,M,46
West,West,West,Weston,M,46
Loyd,Loyd,Loy,Loyd,M,46
Howell,Howell,Lowell,Howell,Lowell,M,46
Valentine,Valentine,Valentine,Val,M,47
Wm,Wm,Wm,M,47
Enos,Enos,Enos,M,47
Alford,Alford,Alford,M,47
Hamilton,Hamilton,Hamilton,M,47
Fritz,Fritz,Fritz,M,47
Avery,Avery,Avery,M,48
Ellsworth,Ellsworth,Ellsworth,M,48
Tobe,Tobe,Tobe,M,48
Ephraim,Ephraim,Ephram,Ephraim,M,48
Elton,Elton,Eldon,Elton,M,49
Truman,Truman,Truman,M,49
Smith,Smith,Smith,M,49
Ezekiel,Ezekiel,Ezekiel,M,49
Minor,Miner,Minor,Minor,M,49
Neil,Neil,Neil,M,49
Noble,Noble,Noble,M,50
Dwight,Dwight,Dwight,M,50
Oren,Oren,Oren,M,50
Wilmer,Wilmer,Wilmer,M,50
Coleman,Coleman,Coley,Coleman,M,51
Prince,Prince,Prince,M,51
Gabriel,Gabriel,Gabriel,M,52
Sterling,Starling,Sterling,Starling,Sterling,M,52
Cassius,Cassius,Cas,Cass,Cassius,M,52
Randolph,Randolph,Randolph,M,52
Aubrey,Aubrey,Aubrey,M,52
Adrian,Adrian,Adrien,Adrian,M,53
Lawson,Lawson,Lawson,M,53
Jordan,Jordan,Jordan,M,53
Elza,Elza,Elza,M,53
Almon,Almon,Ammon,Alfonso,Alfonso,Almon,Almond,M,55
Colonel,Colin,Colonel,Colin,Colonel,Colin,M,55
Aloysius,Alois,Aloysius,Alois,Aloysius,Alois,M,55
Murray,Murray,Murray,Murry,M,55
Adelbert,Adelbert,Adelbert,M,56
Arlie,Arlington,Artie,Artie,Arlington,Artie,Arlie,M,57
Addison,Addison,Addison,M,57
Micheal,Michel,Micheal,Micheal,M,57
Henderson,Hence,Henderson,Henderson,M,58
Hamp,Hampton,Hamp,Hampton,Hamp,Hampton,M,59
Simeon,Simeon,Simeon,M,59
Judge,Judge,Judge,M,59
Dick,Dick,Dick,M,59
Lindsey,Lindsay,Lindsay,Lindsey,Linus,Lindsay,Lindsey,M,60
Thaddeus,Thad,Thaddeus,Thad,Thad,Thaddeus,M,60
Lenard,Len,Lenard,Len,Lenard,Len,M,61
Harmon,Harmon,Harmon,M,61
Lige,Lige,Lige,M,62
Israel,Israel,Israel,M,62
Isom,Isom,Isom,M,62
Ulysses,Ulysses,Ulysses,M,62
Jules,Jules,Jule,Jules,Jule,M,63
Lafayette,Lafayette,Lafayette,M,63
Parker,Park,Parker,Park,Parker,Park,M,65
Orlando,Orla,Orlando,Orla,Orlando,Orla,M,65
Burl,Burley,Burl,Burley,Burl,Burley,M,66
Leander,Leander,Leander,M,66
Fay,Fayette,Fay,Fayette,Fay,Fayette,M,67
Garrett,Jarrett,Garrett,Garret,Garnett,Garrett,Garnett,Garnet,M,69
Boyd,Boyd,Boyd,M,69
Otho,Otho,Otho,M,69
Caleb,Caleb,Caleb,M,70
Bart,Bartholomew,Barton,Bart,Bartholomew,Barton,Barton,Bartholomew,Bart,M,71
Garland,Harlan,Harlan,Garland,Garland,Harlan,Harland,M,71
Cleveland,Cleveland,Cleveland,Cleve,M,71
Stewart,Stewart,Stewart,Steward,M,71
Ivan,Ivan,Ivan,M,71
Dewitt,Dewitt,Dewitt,M,71
Foster,Foster,Foster,M,72
Pleasant,Pleas,Pleasant,Pleas,Pleas,Pleasant,M,72
Malcolm,Mal,Malcom,Malcolm,Malcolm,Malcom,M,72
Isiah,Isiah,Isiah,M,72
Dallas,Dallas,Dallas,M,72
Milo,Milo,Milo,M,72
Pedro,Pedro,Pedro,M,72
Orrin,Orren,Orrie,Orrin,Orrie,Orrin,Orrie,M,73
Pierce,Pierre,Pierre,Pierce,Pierce,Pierre,M,73
Zack,Zack,Zack,M,73
King,King,King,M,73
Josiah,Josiah,Josiah,M,74
Dee,Dee,Dee,M,75
Forest,Forest,Forest,M,75
Chauncey,Chauncey,Chauncey,M,75
Hans,Hans,Hans,Hansford,M,77
Madison,Madison,Madison,M,77
Douglas,Douglas,Douglas,M,77
Lynn,Lynn,Lynn,M,78
Hal,Hallie,Halsey,Hal,Halsey,Hall,Halbert,Hal,Hallie,M,79
Waldo,Walton,Waldo,Walton,Weldon,Waldo,Walton,M,79
Hugo,Hugo,Hugo,M,79
Fletcher,Fletcher,Fletcher,M,80
Freeman,Freeman,Freeman,M,80
Carroll,Carroll,Carroll,M,80
Morgan,Morgan,Morgan,M,80
Elwood,Elwood,Elwood,M,81
Omer,Omer,Omer,M,83
Kenneth,Kenneth,Kenneth,M,83
Wilford,Milford,Wilford,Milford,Wilford,Milford,M,84
Benjiman,Benjiman,Benjiman,M,84
Ned,Ned,Ned,M,84
Dudley,Dudley,Dudley,M,85
Napoleon,Napoleon,Napoleon,M,85
Mary,Mary,Mary,M,86
Evan,Evans,Evan,Evans,Evan,Evans,M,87
Judson,Hudson,Judson,Hudson,Judson,M,87
Erastus,Ernst,Erasmus,Ernst,Erastus,Erasmus,Erastus,Ernst,Erasmus,M,88
Abner,Abner,Abner,M,89
Karl,Karl,Karl,M,90
Seth,Seth,Seth,M,91
Sandy,Sanders,Handy,Sandy,Sanders,Handy,Sandy,Sanders,Handy,M,92
Spencer,Spencer,Spencer,M,94
Elisha,Elisha,Elisha,M,96
Alphonse,Alpha,Alphonso,Alphonse,Alpha,Alphonso,Alphonse,Alpha,Alphonso,M,97
Ward,Ward,Ward,M,97
Wilfred,Winfred,Wilfred,Winfred,Wilfred,Winfred,M,98
Porter,Porter,Porter,M,98
Lyman,Hyman,Lyman,Lyman,M,99
Forrest,Forrest,Forrest,M,102
Mitchell,Mitchel,Mitchell,Mitchell,Mitchel,M,104
Green,Green,Green,Greene,M,104
Grover,Grover,Grover,M,106
Sanford,Manford,Sanford,Sanford,Manford,M,107
Taylor,Taylor,Taylor,Gaylord,M,108
Arnold,Arnold,Arnold,M,108
Perley,Merle,Parley,Perley,Merle,Merle,Perley,Parley,M,109
Mason,Jason,Jason,Mason,Jason,Mason,M,109
Julian,Julian,Julian,M,109
Jeremiah,Jeremiah,Jere,Jeremiah,M,109
Isaiah,Isaiah,Isaiah,M,109
Wayne,Warner,Wayne,Warner,Wayne,Warner,M,110
Neal,Neal,Neal,M,111
Major,Major,Major,M,112
Ambrose,Ambrose,Ambrose,M,113
Bud,Budd,Bud,Bud,M,113
Lucien,Lucian,Lucian,Lucien,Lucian,Lucien,M,114
Nick,Nick,Nick,M,114
Ferdinand,Ferd,Ferdinand,Ferd,Ferdinand,M,115
Van,Vann,Van,Van,M,116
Roland,Roland,Nolan,Roland,Roman,M,116
Merton,Morton,Merton,Morton,Morton,Merton,M,117
Pink,Pinkney,Pink,Pinkney,Pink,Pinkney,M,117
Delbert,Delbert,Delbert,M,117
Lucius,Lucius,Lucius,M,118
Conrad,Conrad,Conrad,M,120
Gordon,Gordon,Gordon,M,120
General,Gene,General,Gene,General,Gene,M,122
Juan,Juan,Juan,M,123
Ole,Olen,Ole,Olen,Ole,M,124
Ezra,Ezra,Ezra,M,124
Tony,Tony,Tony,M,124
Luke,Luke,Luke,M,129
Washington,Wash,Washington,Wash,Wash,Washington,M,130
Bennie,Jennie,Bernie,Bennie,Bennie,Bernie,Lennie,Benny,Jennie,M,130
Ruben,Rubin,Rube,Ruben,Rube,Ruben,Rubin,Rube,M,131
Vincent,Vance,Vincent,Vance,Vincent,Vance,Vince,M,133
Cecil,Cecil,Cecil,M,133
Jerome,Jerome,Jerome,M,133
Chas,Chas,Chas,M,138
Cyrus,Cyrus,Cyrus,M,140
Clem,Clement,Clemente,Clement,Clem,Clem,Clement,M,141
Anderson,Anderson,Anderson,M,141
Barney,Barnett,Barney,Barney,Burney,M,146
Marcus,Marcus,Marius,Marcus,Marius,M,148
Emanuel,Emanuel,Emanuel,M,150
Sherman,Sherman,Sherman,M,151
Enoch,Enoch,Enoch,M,151
Bob,Bob,Bob,M,155
Preston,Press,Preston,Press,Preston,Press,M,155
Bruce,Bruce,Bruce,Brice,M,155
Scott,Scott,Scott,M,159
Hubert,Hubert,Heber,Hubert,Heber,M,163
Elias,Elias,Elias,M,163
Ike,Ike,Ike,M,164
Abe,Abel,Abe,Abel,Abe,Abel,M,167
Andy,Andy,Andy,M,167
Wade,Wade,Wade,M,172
Rudolph,Rudolph,Rudolph,Rudolf,M,173
Mathew,Math,Mathew,Math,Mathew,M,174
Columbus,Columbus,Columbus,M,177
Dock,Doc,Dock,Doc,Dock,Doc,M,182
Rolla,Rollie,Rollin,Rolland,Rowland,Rolla,Rollin,Rollie,Rollo,Roll,Rolland,Rolla,Rollie,Rolland,Rollin,Rowland,Rollo,M,186
Pearl,Pearl,Pearlie,Pearl,Pearley,M,186
Monroe,Monroe,Monroe,M,187
Asa,Asa,Asa,M,187
Jonas,Jonathan,Jones,Jonah,Jonas,Jonathan,Jones,Jonah,Jonathan,Jonas,Jones,Jonah,M,189
Orville,Orval,Orville,Orval,Orville,Orval,M,195
Miles,Giles,Miles,Giles,Miles,Giles,Mills,M,197
Grant,Granville,Grant,Granville,Grant,Granville,M,199
Austin,Justin,Austin,Justin,Austin,M,199
Nicholas,Nicholas,Nicholas,Nickolas,M,202
Max,Maxwell,Max,Max,Maxwell,M,207
Owen,Owen,Owen,M,210
Winfield,Winfield,Winfield,M,212
Steve,Steven,Steve,Steven,Steve,Steven,M,213
Bill,Billie,Billy,Bill,Billie,Billy,Bill,Billie,Billy,M,214
Joshua,Josh,Joshua,Josh,Joshua,Josh,M,214
Lemuel,Lem,Lemuel,Lem,Lemuel,Lem,M,216
Stanley,Stanley,Stanley,M,217
Newton,Newt,Newton,Newt,Newton,Newt,M,218
Glenn,Glen,Glenn,Glen,Glenn,Glen,M,221
Russell,Russel,Russell,Russel,Russell,Russel,M,223
Burt,Burton,Burton,Burt,Burton,Burt,M,224
Lorenzo,Loren,Loran,Lorin,Lorenzo,Loren,Lorenza,Lorenzo,Loren,Loran,Lorenz,M,226
Virgil,Virgil,Virgil,M,226
Donald,Don,Donald,Don,Donald,Don,M,227
Wilson,Wilson,Wilson,M,227
Curtis,Curt,Curtis,Curt,Curtis,M,228
Manuel,Manuel,Manuel,Mance,M,229
Clayton,Clay,Clayton,Clay,Clayton,Clay,M,231
Mike,Mike,Mike,Mikel,M,233
Ora,Oran,Oral,Ora,Orange,Oran,Ora,Orange,Oran,M,238
Reuben,Reuben,Reuben,M,238
Timothy,Tim,Timothy,Tim,Timothy,Tim,M,239
Sylvester,Sylvester,Sylvester,M,239
Ross,Ross,Ross,M,247
Byron,Myron,Byron,Myron,Byron,Myron,M,255
Marshall,Marshal,Marshall,Marshal,Marshall,Martha,Marsh,Marshal,M,258
Solomon,Sol,Solon,Salomon,Soloman,Solomon,Sol,Solon,Soloman,Solomon,Sol,Soloman,Solon,M,261
Vernon,Vern,Verne,Vernon,Vern,Verne,Vernon,Vern,Verne,M,262
Alva,Alvah,Alva,Alvah,Alva,Alvah,M,262
Phillip,Phillip,Phillip,M,262
Silas,Silas,Silas,M,263
Ollie,Allie,Ollie,Allie,Ollie,Allie,M,265
Maurice,Maurice,Maurice,M,267
Mark,Mark,Mark,M,269
Felix,Felipe,Felix,Felix,Felipe,M,270
Roscoe,Roscoe,Roscoe,M,273
Jay,Jay,Jay,M,279
Morris,Norris,Morris,Norris,Morris,Norris,M,281
Aaron,Aaron,Aaron,M,281
Wallace,Wallace,Wallace,M,282
Earnest,Earnest,Earnest,M,284
Jake,Jake,Jake,M,285
Hiram,Hiram,Hiram,M,287
Noah,Noah,Noah,M,292
Leslie,Leslie,Leslie,M,293
Otis,Otis,Otis,M,293
Wilbur,Wilburn,Wilbur,Wilburn,Wilbur,Wilburn,M,295
Norman,Norman,Norman,M,304
Cornelius,Cornelious,Cornelius,Cornelious,Cornelius,Cornelious,M,309
Simon,Sim,Simon,Sim,Simon,Sim,M,310
Ellis,Elliott,Elliot,Allison,Ellis,Elliott,Allison,Elvis,Ellison,Ellis,Elliott,Allison,Ell,M,315
Jeff,Jefferson,Jeff,Jefferson,Jeff,Jefferson,M,316
Melvin,Melville,Mervin,Melvin,Mervin,Melville,Melvin,Melville,Mervin,M,316
Victor,Victor,Victor,M,319
Levi,Levi,Levi,M,321
Edmund,Edmond,Edmund,Edmond,Edmund,Edmond,M,324
Jasper,Casper,Jasper,Casper,Jasper,Casper,M,324
Adam,Adam,Adam,M,334
Percy,Percival,Percy,Percival,Percy,Percival,M,335
Emery,Emory,Emerson,Emery,Emory,Emerson,Emery,Emory,Emerson,M,338
Garfield,Garfield,Garfield,M,338
Adolph,Adolphus,Adolf,Adolph,Adolphus,Adolph,Adolphus,Adolf,M,340
Lester,Lester,Lester,Vester,Luster,M,341
Mack,Mac,Mack,Mac,Mack,M,343
Abraham,Abram,Ab,Abraham,Abram,Abraham,Abram,Ab,M,344
Nelson,Nels,Nelson,Nels,Nelson,Nels,M,349
Emmett,Emmet,Emmitt,Emmett,Emmet,Emmitt,Emmett,Emmet,Emmitt,Emmit,M,351
Harold,Harold,Harold,M,360
Amos,Amos,Amos,M,364
Anton,Antonio,Alton,Anson,Anton,Antonio,Alton,Anson,Antone,Anton,Antonio,Alton,Anson,Antoine,Antone,M,368
Dennis,Dennis,Dennie,Dennis,Dennie,M,373
Wesley,Wes,Wesley,Wesley,Lesley,M,381
Wiley,Riley,Wiley,Riley,Wiley,Riley,M,388
Anthony,Anthony,Anthony,M,397
Everett,Evert,Everette,Everett,Evert,Evertt,Everett,Evert,Everette,M,405
Leroy,Leroy,Leroy,M,405
Dave,Dave,Dave,M,405
Alonzo,Alonza,Alonzo,Alonza,Elonzo,Alonzo,Alonza,Alanzo,M,408
Lon,Lonnie,Lonzo,Lonie,Lonnie,Lon,Lonzo,Lonie,Lonnie,Lon,Lonzo,Lonie,Lone,M,410
Bernard,Bernard,Bernard,M,414
Clifford,Cliff,Clifford,Cliff,Clifford,Cliff,M,417
Gilbert,Wilbert,Wilber,Gilbert,Wilbert,Wilber,Gilbert,Wilber,Wilbert,M,425
Rufus,Rufus,Rufus,M,431
Clinton,Clifton,Clint,Clinton,Clifton,Clint,Clinton,Clifton,Clint,M,433
Calvin,Cal,Calvin,Cal,Calvin,Cal,M,440
Alvin,Alvie,Elvin,Albin,Alvia,Alvin,Elvin,Alvis,Alvie,Albin,Alvin,Elvin,Albin,Alvie,Alvis,M,450
Matthew,Matt,Mat,Mattie,Matthew,Matt,Mat,Matthew,Matt,Mat,Mattie,Matthews,M,457
Sidney,Sydney,Sid,Sidney,Sid,Sydney,Sidney,Sid,Sydney,M,473
Milton,Wilton,Milton,Wilton,Milton,Wilton,Melton,Hilton,M,480
Moses,Mose,Moses,Mose,Moses,Mose,M,489
Willard,Millard,Willam,Dillard,Hillard,Willard,Millard,Willam,Dillard,Willard,Millard,Dillard,Willam,M,493
Emil,Emile,Emil,Emile,Emil,Emile,Emilio,M,496
Warren,Warren,Warren,M,497
Julius,Junius,Julius,Junius,Julius,Junius,Julia,M,512
Marion,Marion,Marian,Marion,Marian,M,519
Nathan,Nathaniel,Nat,Nathanial,Nathan,Nathaniel,Nat,Nathan,Nathaniel,Nat,M,523
Stephen,Stephen,Stephen,M,524
Horace,Horace,Horace,M,527
Elijah,Eli,Eligah,Eliza,Eliga,Eli,Elijah,Elijah,Eli,Eligah,Eliga,M,575
Homer,Homer,Homer,M,576
Philip,Phil,Philo,Philip,Phil,Philo,Philip,Phil,M,577
Eddie,Edd,Addie,Eddie,Edd,Addie,Eddie,Edd,Addie,M,583
Christopher,Chris,Christian,Christ,Christopher,Christian,Chris,Christ,Christopher,Christian,Chris,Christ,M,596
Irvin,Irving,Ervin,Irwin,Irven,Irvin,Irving,Ervin,Irwin,Erving,Irvin,Irving,Ervin,Irwin,Irven,M,614
Allen,Allan,Alden,Allen,Allan,Alden,Allen,Allan,Alden,M,638
Guy,Guy,Guy,M,678
Hugh,Hugh,Hugh,M,682
Theodore,Theo,Theadore,Theodore,Theo,Theodore,Theo,Theadore,M,682
Gus,Gustave,Gustav,Gust,Guss,Gustaf,Gustavus,Gus,Gustave,Gust,Gustav,Guss,Gustaf,Gustavus,Gus,Gustave,Gustav,Gust,Guss,Gustavus,Gustaf,M,695
Oliver,Oliver,Oliver,M,716
Chester,Chester,Chester,M,742
Archie,Arch,Archibald,Archie,Arch,Archibald,Archie,Arch,Archibald,M,746
Clyde,Clyde,Clyde,M,746
Patrick,Pat,Patrick,Pat,Patrick,Pat,Patricio,M,750
Otto,Otto,Otto,Ott,M,750
Ira,Ira,Ira,M,779
Jack,Jackson,Jack,Jackson,Jack,Jackson,M,795
Jerry,Perry,Berry,Terry,Perry,Jerry,Berry,Perry,Jerry,Berry,Terry,M,824
Luther,Rutherford,Auther,Luther,Auther,Rutherford,Luther,Auther,Rutherford,M,832
Isaac,Issac,Isaac,Issac,Isaac,Issac,M,854
Lawrence,Laurence,Lawrence,Laurence,Lawrence,Laurence,M,865
August,Augustus,Angus,Augustine,Augustin,Augusta,August,Augustus,Angus,Augustine,Augustin,August,Augustus,Angus,Augustine,Auguste,M,904
Edwin,Erwin,Edwin,Erwin,Edwin,Erwin,Elwin,M,939
Floyd,Lloyd,Cloyd,Floyd,Lloyd,Cloyd,Floyd,Lloyd,Cloyd,M,955
Michael,Michael,Michael,M,973
Eugene,Eugene,Eugene,M,983
Paul,Paul,Paul,M,989
Herman,Hermann,Harman,Hermon,Herman,Hermann,Herman,Hermann,German,M,1037
Ralph,Ralph,Ralph,M,1053
Raymond,Ray,Raymond,Ray,Raymond,Ray,M,1075
Alexander,Alex,Alexander,Alex,Alexander,Alex,M,1078
Earl,Earle,Early,Earl,Earle,Early,Earl,Earle,Early,M,1127
Jim,Jimmie,Jim,Jimmie,Jim,Jimmie,M,1128
Lee,Lee,Lee,M,1130
Howard,Howard,Howard,M,1138
Bert,Bertram,Bertrand,Bertie,Berton,Bert,Bertram,Bertie,Berton,Bertrand,Bertha,Bert,Bertram,Bertie,Berton,Bertha,Bertrand,M,1146
Jacob,Jacob,Jacob,M,1175
Harvey,Harley,Harve,Hervey,Harvey,Harley,Harve,Harvey,Harley,Harve,Hervey,M,1197
Herbert,Herbert,Herbert,M,1224
Claude,Claud,Claus,Claude,Claud,Claude,Claud,Claudie,M,1239
Tom,Tomas,Tommie,Tommy,Tom,Tomas,Tommie,Tommy,Tom,Tomas,Tommie,Tommy,M,1245
Elmer,Elmore,Elder,Elmer,Elder,Elmore,Elmer,Elmore,Ellery,M,1249
Martin,Marvin,Mart,Martin,Marvin,Mart,Martin,Marvin,Mart,M,1283
Carl,Carlos,Carlton,Carleton,Carl,Carlos,Carlton,Carl,Carlton,Carlos,Carleton,M,1331
Leonard,Leo,Leon,Leonard,Leo,Leon,Leonard,Leo,Leon,M,1422
Lewis,Lew,Lewie,Lewis,Lew,Lewis,Lew,Lewie,M,1452
Roy,Royal,Roy,Royal,Roy,Royal,M,1474
Alfred,Alf,Alfred,Alf,Alfred,Alf,M,1476
Peter,Pete,Peter,Pete,Peter,Pete,M,1552
Oscar,Oscar,Oscar,M,1699
Ernest,Ernest,Ernest,M,1828
Andrew,Andres,Andre,Andrew,Andres,Andrew,Andres,M,1939
Richard,Rich,Richard,Rich,Richard,Rich,M,2141
Charlie,Charlie,Charlie,M,2151
Daniel,Dan,Danial,Daniel,Dan,Danial,Daniel,Dan,M,2220
Joe,Joel,Joeseph,Joe,Joel,Joesph,Joe,Joel,Joesph,Joeseph,M,2285
Benjamin,Ben,Benjamine,Benjaman,Benjamin,Ben,Benjamine,Benjaman,Benjamin,Ben,Benjaman,Benjamine,M,2450
Clarence,Clark,Clara,Clarance,Clare,Clarence,Clark,Clara,Clarance,Clarence,Clark,Clarance,Clare,Clabe,M,2472
David,Davis,Davie,David,Davis,David,Davis,Davie,M,2507
Jesse,Jessie,Jess,Jessee,Jesse,Jessie,Jess,Jesse,Jessie,Jess,M,2570
Louis,Louie,Lou,Louis,Louie,Lou,Louise,Louis,Louie,Lou,Louise,M,2587
Samuel,Sam,Samual,Samuel,Sam,Samual,Samuel,Sam,Samual,Samul,M,4467
Albert,Elbert,Al,Albertus,Almer,Albert,Elbert,Al,Albert,Elbert,Al,Alberto,Almer,M,4658
Arthur,Arther,Art,Authur,Arthur,Arther,Art,Authur,Arthur,Arther,Art,M,4969
Walter,Walker,Walter,Walker,Walter,Walker,M,5312
Fred,Frederick,Fredrick,Frederic,Freddie,Fred,Frederick,Fredrick,Frederic,Freddie,Fredric,Fred,Frederick,Fredrick,Frederic,Fredric,M,6336
Harry,Harrison,Hardy,Harris,Larry,Garry,Harrie,Harry,Harrison,Hardy,Harris,Larry,Harvy,Harry,Harrison,Hardy,Harris,Larry,Garry,M,6750
Robert,Roger,Robert,Roger,Robert,Roger,M,7141
Henry,Henry,Henry,M,7362
Thomas,Thomas,Thomas,Thompson,M,7431
Joseph,Jose,Joseph,Jose,Joseph,Jose,Josephus,M,8019
Edward,Ed,Edgar,Edward,Edgar,Ed,Edward,Ed,Edgar,M,8840
Frank,Francis,Franklin,Francisco,Frances,Frank,Francis,Franklin,Francisco,Frances,Frank,Francis,Franklin,Francisco,Frances,M,10630
George,Geo,George,Geo,George,Geo,M,15027
Charles,Charley,Charles,Charley,Charles,Charley,M,15908
James,James,James,M,17260
John,Johnnie,Johnny,Johnie,Johnson,John,Johnnie,Johnie,Johnny,Johnson,Johnathan,John,Johnnie,Johnie,Johnny,Johnson,M,28252
William,Will,Willie,Willis,Williams,Willian,William,Will,Willie,Willis,Willian,Williams,William,Will,Willie,Willis,Willian,Williams,M,31172
