Wing,M,5
Wiliam,M,5
Waverly,M,5
Verner,M,5
Vaughn,M,5
Talmage,M,5
Shannon,M,5
Seward,M,5
Robin,M,5
Pryor,M,5
Prosper,M,5
Primus,M,5
Page,M,5
Okey,M,5
Mercer,M,5
Marrion,M,5
Lucy,M,5
Less,M,5
Lawerence,M,5
Lane,M,5
Kyle,M,5
Kirby,M,5
Juluis,M,5
Jared,M,5
Hubbard,M,5
Harvie,M,5
Graham,M,5
Garner,M,5
Esta,M,5
Esequiel,M,5
Emry,M,5
Emit,M,5
Edna,M,5
Darwin,M,5
Darrell,M,5
Craig,M,5
Conway,M,5
Champ,M,5
Campbell,M,5
Callie,M,5
Atticus,M,5
Arden,M,5
Angelo,M,5
Alto,M,5
Zachariah,M,5
Winston,M,5
Theophile,M,5
Sylvanus,M,5
Spurgeon,M,5
Sheppard,M,5
Schuyler,M,5
Santos,M,5
Phineas,M,5
Nova,M,5
Norval,M,5
Nora,M,5
Nimrod,M,5
Nate,M,5
Myrtle,M,5
Murdock,M,5
Moroni,M,5
Merida,M,5
Matthias,M,5
Manson,M,5
Mace,M,5
Lillie,M,5
Leonidas,M,5
Lawyer,M,5
Lavern,M,5
Knute,M,5
Kit,M,5
Katherine,M,5
Justice,M,5
Judd,M,5
Jodie,M,5
Jabez,M,5
Isam,M,5
Hershel,M,5
Hays,M,5
Hayden,M,5
Harl,M,5
Gottlieb,M,5
Gorge,M,5
Gardner,M,5
Esau,M,5
Enrique,M,5
Elroy,M,5
Elick,M,5
Edie,M,5
Duff,M,5
Dow,M,5
Denver,M,5
Daisy,M,5
Cyril,M,5
Crockett,M,5
Cleo,M,5
Ceylon,M,5
Brooks,M,5
Boston,M,5
Baldwin,M,5
Babe,M,5
Aurthur,M,5
Ashby,M,5
Arvid,M,5
Agustus,M,5
Abbott,M,5
Whit,M,6
Tolbert,M,6
Sebastian,M,6
Orlo,M,6
Murphy,M,6
Griffin,M,6
Dominick,M,6
Dixon,M,6
Dale,M,6
Casimiro,M,6
Cap,M,6
Burke,M,6
Ashton,M,6
Acie,M,6
Zeke,M,6
Wilhelm,M,6
Tracy,M,6
Titus,M,6
Stanford,M,6
Stacy,M,6
Sammie,M,6
Ruby,M,6
Redden,M,6
Rafe,M,6
Kirk,M,6
Ishmael,M,6
Hope,M,6
Holmes,M,6
Hattie,M,6
Grace,M,6
Friend,M,6
Ernie,M,6
Erie,M,6
Elam,M,6
Dora,M,6
Cruz,M,6
Commodore,M,6
Cato,M,6
Candido,M,6
Blas,M,6
Armand,M,6
Anastacio,M,6
Alpheus,M,6
Ruffus,M,7
Plummer,M,7
Helen,M,7
Elsworth,M,7
Boss,M,7
Alice,M,7
Tyler,M,7
Tobias,M,7
Theron,M,7
Rose,M,7
Roderick,M,7
Raoul,M,7
Osborne,M,7
Delos,M,7
Creed,M,7
Clovis,M,7
Chancy,M,7
Benito,M,7
Algie,M,7
Alcide,M,7
Aden,M,7
Wirt,M,8
Todd,M,8
Thos,M,8
Reed,M,8
Manning,M,8
Lue,M,8
Knox,M,8
Hartwell,M,8
Guadalupe,M,8
Gaston,M,8
Bessie,M,8
Ambers,M,8
Tilden,M,8
Shade,M,8
Romeo,M,8
Marquis,M,8
Lionel,M,8
Ivory,M,8
Huston,M,8
Fernando,M,8
Ephriam,M,8
Butler,M,8
Roe,M,9
Ocie,M,9
Margaret,M,9
Lambert,M,9
Harper,M,9
Deforest,M,9
Byrd,M,9
Tillman,M,9
Rice,M,9
Octave,M,9
Ludwig,M,9
Isreal,M,9
Elizabeth,M,9
Eben,M,9
Cullen,M,9
Ebb,Ebbie,M,10
Paris,M,10
Meyer,M,10
Bee,M,10
Wright,Wright,M,10
Rene,Rene,M,10
Linwood,Linwood,M,10
Orie,M,10
Doctor,M,10
Darius,M,10
Lucas,M,11
Humphrey,Humphrey,M,11
Huey,Huey,M,11
Hosteen,Hosteen,M,11
Gee,Gee,M,11
Ennis,Ennis,M,11
Blaine,Blaine,M,11
Ethel,Ethel,M,11
Delmar,Delmar,M,11
Clarke,Clarke,M,11
Caesar,Caesar,M,11
Author,Author,M,11
Annie,Annie,M,11
Volney,M,11
Pablo,M,11
Dempsey,M,11
Maud,Maude,M,12
Curley,Hurley,M,12
Carter,M,12
York,York,M,12
Tilmon,Tilman,M,12
Roswell,Roswell,M,12
Presley,Presley,M,12
Hyrum,Hyrum,M,12
Firman,Furman,M,12
Elie,Elie,M,12
Chesley,Chesley,M,12
Chalmers,Chalmer,M,12
Yee,Yee,M,12
Vernie,Vernie,M,12
Stanton,Stanton,M,12
Obed,Obe,M,12
Gary,Gary,M,12
Golden,Golden,M,12
Eber,Eber,M,12
Duke,Duke,M,12
Bedford,Bedford,M,12
Travis,M,12
Maynard,M,12
Woodie,Woodie,M,13
Unknown,Unknown,M,13
Sampson,Sampson,M,13
Kelly,Kelly,M,13
Ely,Ely,M,13
Oda,Oda,M,13
Nellie,Nellie,M,13
Levy,Levy,M,13
Edson,Edson,M,13
Doss,Doss,M,13
Coy,Coy,M,13
Cora,Cora,M,13
Ballard,Ballard,M,13
Albion,Albion,M,13
Weaver,Weaver,M,13
Toney,Toney,M,13
Lyle,Lyle,M,13
Ivey,Ivey,M,13
Bruno,Bruno,M,13
Bird,Bird,M,13
Orley,Orley,M,13
Ida,Ida,M,13
Hoy,Hoyt,M,13
Hayes,Hayes,M,13
Buster,Buster,M,13
Wheeler,M,13
Collins,Collie,M,14
Brown,M,14
Edith,Edith,M,14
Wendell,Wendell,M,14
Drew,Drew,M,14
Shelton,Sheldon,M,14
Troy,Troy,M,14
Thurman,Thurman,M,14
Richmond,Richmond,M,14
Otha,Otha,M,14
Carrie,Carrie,M,14
Bernhard,Bernhard,M,14
Ashley,Ashley,M,14
Ossie,Essie,M,14
Elige,Eliseo,M,14
Ottis,Ottis,M,15
Watt,Watt,M,15
Connie,Connie,M,15
Quincy,Quincy,M,15
Price,Price,M,15
Leopold,Leopold,M,15
Stonewall,Stonewall,M,15
Oswald,Oswald,M,15
Obie,Obie,M,15
Lafe,Lafe,M,15
Carson,Carson,M,15
Urban,Urban,M,15
Malachi,Malachi,M,15
Lincoln,Lincoln,M,15
Hilliard,Hilliard,M,15
Saul,M,15
Ransom,Ransom,M,16
Chin,Chin,M,16
Rupert,Rupert,M,16
Junious,Julious,Julious,M,16
Dexter,Dexter,M,16
Vivian,Vivian,M,16
Rafael,Rafael,M,16
Ples,Ples,M,16
Odie,Odie,M,16
Uriah,Uriah,M,16
Justus,Justus,M,16
Gabe,Gabe,M,16
Burr,Burrell,M,16
Elihu,Elihu,M,17
Asbury,Asbury,M,17
Randall,Randall,M,17
Llewellyn,Llewellyn,M,17
Archer,Archer,M,17
Shirley,Shirley,M,17
Lum,Lum,M,17
Gideon,Gideon,M,17
Baxter,Baxter,M,17
Miller,Miller,M,18
Birt,Birt,M,18
Woodson,Wood,Wood,M,18
Manley,Manly,Manly,M,18
Leland,Leland,M,18
Godfrey,Godfrey,M,18
Wong,Wong,M,18
Sumner,Sumner,M,18
Palmer,Palmer,M,18
Alec,Alec,M,18
Webb,Webb,M,18
Webster,Webster,M,18
Jewel,Newell,M,19
Ivy,Ivy,M,19
Buck,Buck,M,19
Orson,Orion,Orson,M,19
Shelby,Shelby,M,19
Ford,Ford,M,19
Lacy,Lacy,M,19
June,June,M,19
Haywood,Haywood,M,19
Eric,Eric,M,19
Emma,Emma,M,19
Denis,Denis,M,19
Herschel,Herschel,M,19
Rodney,Rodney,M,19
Worth,Worthy,Worth,M,20
Florence,Flora,Florence,M,20
Crawford,Crawford,M,20
Zeb,Zeb,M,20
Buford,Buford,M,20
Basil,Basil,M,20
Bishop,Bishop,M,20
Bailey,Bailey,M,20
Ted,Ted,M,20
Rex,Rex,M,20
Merrill,Merrill,M,20
Isham,Isham,M,20
Gregorio,Gregory,Gregory,Gregg,M,21
Finley,Finley,M,21
Miguel,Miguel,M,21
Jean,Jean,M,21
Dana,Dana,M,21
Carey,Carey,M,21
Mahlon,Mahlon,M,21
Hector,Hector,M,21
Hardin,Hardie,Hardie,Hardin,M,22
Dolphus,Dolph,Dolphus,M,22
Aron,Aron,M,22
Minnie,Minnie,Mannie,M,22
Wylie,Wylie,M,22
Watson,Watson,M,22
Thornton,Thornton,M,22
Santiago,Santiago,M,22
Horatio,Horatio,M,22
Egbert,Egbert,M,22
Hollis,Hollie,Holly,Hollis,M,23
Henery,Henery,M,23
Flem,Fleming,Flem,Fleming,M,23
Isadore,Isadore,Isidore,M,23
Valentine,Valentine,M,23
Noel,Noel,M,23
Olin,Olin,M,23
Hezekiah,Hezekiah,M,23
Cleveland,Cleveland,M,23
Rush,Rush,M,23
Mortimer,Mortimer,M,23
Hunter,Hunt,Hunter,M,23
Beverly,Beverly,M,23
Young,Young,M,23
Dorsey,Dorsey,M,23
Squire,Squire,M,23
Ramon,Damon,Ramon,M,24
Marcellus,Marcellus,Marcel,M,24
Fate,Fate,M,24
Mathias,Mathias,M,24
Luis,Luis,M,24
Duncan,Duncan,M,24
Elmo,Elmo,M,24
Brad,Bradford,Bradley,Bradley,M,25
Finis,Finis,M,25
Gerald,Gerald,M,25
Raleigh,Raleigh,M,25
Omar,Omar,M,25
Howell,Howell,Lowell,M,25
Bryant,Bryant,M,25
Hosea,Hosea,M,26
Olaf,Ola,Olaf,M,26
Ellsworth,Ellsworth,M,26
Clair,Clair,Blair,M,26
Logan,Logan,M,26
Elzie,Elsie,Elzie,M,26
Seymour,Seymour,M,26
Reginald,Reginald,M,26
Larkin,Larkin,M,26
Jesus,Jesus,M,26
Fritz,Fritz,M,26
Asberry,Asher,Asberry,Asher,M,27
Lucious,Lucious,M,27
Houston,Houston,M,27
Reese,Reece,Reece,Reese,M,28
Dayton,Layton,Payton,Dalton,Layton,M,28
Anna,Anna,M,28
West,West,M,28
Alma,Alma,M,28
Dell,Dell,M,28
Stuart,Stuart,M,28
Elton,Elton,Eldon,M,29
Turner,Turner,M,29
Wm,Wm,M,29
Wyatt,Wyatt,M,29
Bennett,Bennett,M,29
Cary,Cary,M,29
Orin,Orin,M,29
Wellington,Wellington,Wells,M,30
Eldridge,Eldridge,Elbridge,M,30
Loyd,Loyd,Loy,M,30
Axel,Axel,M,30
Wilmer,Wilmer,M,30
Neil,Neil,M,30
Henderson,Hence,Henderson,M,31
Enos,Enos,M,31
Dean,Dean,M,31
Alford,Alford,M,31
Tobe,Tobe,M,31
Murray,Murray,M,31
Noble,Noble,M,32
Truman,Truman,M,32
Oren,Oren,M,32
Cicero,Cicero,M,32
Gabriel,Gabriel,M,32
Hamilton,Hamilton,M,32
Lawson,Lawson,M,32
Arlie,Arlington,Artie,Artie,Arlington,M,33
Benton,Benton,Denton,Belton,M,33
Lindsey,Lindsay,Lindsay,Lindsey,M,33
Dwight,Dwight,M,33
Coleman,Coleman,Coley,M,33
Smith,Smith,M,33
Prince,Prince,M,33
Avery,Avery,M,34
Adrian,Adrian,Adrien,M,35
Colonel,Colin,Colonel,Colin,M,36
Aloysius,Alois,Aloysius,Alois,M,36
Sterling,Starling,Sterling,Starling,M,36
Addison,Addison,M,36
Aubrey,Aubrey,M,36
Garrett,Jarrett,Garrett,Garret,Garnett,M,37
Merritt,Merritt,Gerrit,M,37
Randolph,Randolph,M,37
Hamp,Hampton,Hamp,Hampton,M,38
Almon,Almon,Ammon,Alfonso,M,38
Mont,Montgomery,Mont,Monte,Montgomery,M,38
Foster,Foster,M,38
Ezekiel,Ezekiel,M,38
Leander,Leander,M,38
Isom,Isom,M,38
Ephraim,Ephraim,Ephram,M,38
Garland,Harlan,Harlan,Garland,M,39
Thaddeus,Thad,Thaddeus,Thad,M,39
Burl,Burley,Burl,Burley,M,39
Judge,Judge,M,39
Elza,Elza,M,39
Lenard,Len,Lenard,Len,M,40
Lige,Lige,M,40
Boyd,Boyd,M,40
Israel,Israel,M,40
Cassius,Cassius,Cas,Cass,M,40
Minor,Miner,Minor,M,40
Simeon,Simeon,M,40
Jules,Jules,Jule,M,41
Jordan,Jordan,M,41
Harmon,Harmon,M,41
Adelbert,Adelbert,M,42
Bart,Bartholomew,Barton,Bart,Bartholomew,Barton,M,43
Fay,Fayette,Fay,Fayette,M,43
Micheal,Michel,Micheal,M,43
Lafayette,Lafayette,M,43
Parker,Park,Parker,Park,M,44
Otho,Otho,M,44
Zack,Zack,M,44
Isiah,Isiah,M,44
Hans,Hans,M,44
Dallas,Dallas,M,45
Dick,Dick,M,45
Milo,Milo,M,45
Caleb,Caleb,M,45
Douglas,Douglas,M,45
Pedro,Pedro,M,45
Orrin,Orren,Orrie,Orrin,Orrie,M,46
Orlando,Orla,Orlando,Orla,M,46
Pleasant,Pleas,Pleasant,Pleas,M,46
Stewart,Stewart,M,46
Ivan,Ivan,M,46
Pierce,Pierre,Pierre,Pierce,M,47
Malcolm,Mal,Malcom,Malcolm,M,47
King,King,M,47
Ulysses,Ulysses,M,47
Hal,Hallie,Halsey,Hal,Halsey,Hall,Halbert,M,48
Carroll,Carroll,M,48
Forest,Forest,M,48
Benjiman,Benjiman,M,49
Grover,Grover,M,50
Karl,Karl,M,50
Madison,Madison,M,50
Josiah,Josiah,M,50
Wilford,Milford,Wilford,Milford,M,51
Freeman,Freeman,M,51
Lynn,Lynn,M,51
Ned,Ned,M,51
Dee,Dee,M,52
Elwood,Elwood,M,52
Omer,Omer,M,53
Dewitt,Dewitt,M,54
Waldo,Walton,Waldo,Walton,Weldon,M,55
Mary,Mary,M,56
Napoleon,Napoleon,M,56
Morgan,Morgan,M,56
Dudley,Dudley,M,57
Abner,Abner,M,57
Sandy,Sanders,Handy,Sandy,Sanders,Handy,M,58
Lyman,Hyman,Lyman,M,58
Mitchell,Mitchel,Mitchell,M,58
Chauncey,Chauncey,M,58
Alphonse,Alpha,Alphonso,Alphonse,Alpha,Alphonso,M,59
Fletcher,Fletcher,M,59
Hugo,Hugo,M,60
Seth,Seth,M,60
Kenneth,Kenneth,M,61
Elisha,Elisha,M,61
Spencer,Spencer,M,61
Erastus,Ernst,Erasmus,Ernst,Erastus,Erasmus,M,62
Evan,Evans,Evan,Evans,M,63
Judson,Hudson,Judson,Hudson,M,64
Forrest,Forrest,M,64
Arnold,Arnold,M,66
Wilfred,Winfred,Wilfred,Winfred,M,67
Ward,Ward,M,67
Sanford,Manford,Sanford,M,67
Ferdinand,Ferd,Ferdinand,Ferd,M,67
Major,Major,M,68
Julian,Julian,M,68
Bennie,Jennie,Bernie,Bennie,M,70
Van,Vann,Van,M,70
Porter,Porter,M,70
Roland,Roland,Nolan,M,71
Delbert,Delbert,M,71
Green,Green,M,72
Isaiah,Isaiah,M,72
Wayne,Warner,Wayne,Warner,M,73
Conrad,Conrad,M,73
Merton,Morton,Merton,Morton,M,74
General,Gene,General,Gene,M,75
Ambrose,Ambrose,M,75
Taylor,Taylor,M,76
Jeremiah,Jeremiah,Jere,M,76
Lucius,Lucius,M,76
Neal,Neal,M,76
Mason,Jason,Jason,Mason,M,77
Lucien,Lucian,Lucian,Lucien,M,78
Pink,Pinkney,Pink,Pinkney,M,78
Tony,Tony,M,78
Nick,Nick,M,79
Ruben,Rubin,Rube,Ruben,Rube,M,80
Bud,Budd,Bud,M,80
Cecil,Cecil,M,80
Perley,Merle,Parley,Perley,Merle,M,81
Washington,Wash,Washington,Wash,M,81
Bruce,Bruce,M,81
Ezra,Ezra,M,83
Anderson,Anderson,M,83
Gordon,Gordon,M,83
Clem,Clement,Clemente,Clement,Clem,M,84
Juan,Juan,M,84
Vincent,Vance,Vincent,Vance,M,85
Luke,Luke,M,85
Ole,Olen,Ole,Olen,M,88
Barney,Barnett,Barney,M,89
Jerome,Jerome,M,90
Chas,Chas,M,92
Cyrus,Cyrus,M,94
Bob,Bob,M,96
Ike,Ike,M,97
Marcus,Marcus,Marius,M,97
Preston,Press,Preston,Press,M,100
Sherman,Sherman,M,101
Enoch,Enoch,M,104
Emanuel,Emanuel,M,105
Elias,Elias,M,106
Abe,Abel,Abe,Abel,M,107
Wade,Wade,M,108
Hubert,Hubert,Heber,M,108
Dock,Doc,Dock,Doc,M,111
Monroe,Monroe,M,111
Scott,Scott,M,111
Columbus,Columbus,M,115
Rudolph,Rudolph,M,116
Andy,Andy,M,116
Jonas,Jonathan,Jones,Jonah,Jonas,Jonathan,Jones,Jonah,M,120
Pearl,Pearl,Pearlie,M,121
Asa,Asa,M,125
Bill,Billie,Billy,Bill,Billie,Billy,M,126
Max,Maxwell,Max,M,127
Mathew,Math,Mathew,Math,M,127
Rolla,Rollie,Rollin,Rolland,Rowland,Rolla,Rollin,Rollie,Rollo,Roll,Rolland,M,128
Steve,Steven,Steve,Steven,M,128
Nicholas,Nicholas,M,129
Manuel,Manuel,M,132
Donald,Don,Donald,Don,M,133
Grant,Granville,Grant,Granville,M,133
Miles,Giles,Miles,Giles,M,133
Austin,Justin,Austin,Justin,M,134
Mike,Mike,M,139
Lorenzo,Loren,Loran,Lorin,Lorenzo,Loren,Lorenza,M,140
Stanley,Stanley,M,141
Glenn,Glen,Glenn,Glen,M,143
Orville,Orval,Orville,Orval,M,143
Newton,Newt,Newton,Newt,M,143
Russell,Russel,Russell,Russel,M,145
Wilson,Wilson,M,145
Owen,Owen,M,145
Virgil,Virgil,M,146
Lemuel,Lem,Lemuel,Lem,M,148
Joshua,Josh,Joshua,Josh,M,150
Ross,Ross,M,151
Marshall,Marshal,Marshall,Marshal,M,151
Clayton,Clay,Clayton,Clay,M,154
Burt,Burton,Burton,Burt,M,155
Ora,Oran,Oral,Ora,Orange,Oran,M,157
Timothy,Tim,Timothy,Tim,M,157
Curtis,Curt,Curtis,Curt,M,158
Phillip,Phillip,M,159
Ollie,Allie,Ollie,Allie,M,160
Byron,Myron,Byron,Myron,M,163
Alva,Alvah,Alva,Alvah,M,164
Sylvester,Sylvester,M,165
Reuben,Reuben,M,165
Maurice,Maurice,M,165
Leslie,Leslie,M,171
Silas,Silas,M,171
Felix,Felipe,Felix,M,172
Winfield,Winfield,M,173
Vernon,Vern,Verne,Vernon,Vern,Verne,M,176
Otis,Otis,M,177
Mark,Mark,M,179
Wallace,Wallace,M,179
Solomon,Sol,Solon,Salomon,Soloman,Solomon,Sol,Solon,Soloman,M,180
Earnest,Earnest,M,180
Hiram,Hiram,M,183
Noah,Noah,M,184
Jake,Jake,M,188
Morris,Norris,Morris,Norris,M,190
Cornelius,Cornelious,Cornelius,Cornelious,M,191
Roscoe,Roscoe,M,192
Wilbur,Wilburn,Wilbur,Wilburn,M,193
Ellis,Elliott,Elliot,Allison,Ellis,Elliott,Allison,Elvis,Ellison,M,194
Aaron,Aaron,M,196
Lester,Lester,M,196
Norman,Norman,M,197
Mack,Mac,Mack,Mac,M,198
Simon,Sim,Simon,Sim,M,199
Jay,Jay,M,199
Jeff,Jefferson,Jeff,Jefferson,M,201
Percy,Percival,Percy,Percival,M,203
Victor,Victor,M,210
Jasper,Casper,Jasper,Casper,M,211
Edmund,Edmond,Edmund,Edmond,M,214
Emmett,Emmet,Emmitt,Emmett,Emmet,Emmitt,M,214
Melvin,Melville,Mervin,Melvin,Mervin,Melville,M,216
Levi,Levi,M,216
Nelson,Nels,Nelson,Nels,M,219
Adam,Adam,M,220
Abraham,Abram,Ab,Abraham,Abram,M,223
Adolph,Adolphus,Adolf,Adolph,Adolphus,M,227
Wesley,Wes,Wesley,M,230
Amos,Amos,M,230
Emery,Emory,Emerson,Emery,Emory,Emerson,M,232
Dennis,Dennis,Dennie,M,232
Harold,Harold,M,233
Anton,Antonio,Alton,Anson,Anton,Antonio,Alton,Anson,Antone,M,235
Wiley,Riley,Wiley,Riley,M,242
Clifford,Cliff,Clifford,Cliff,M,249
Everett,Evert,Everette,Everett,Evert,Evertt,M,250
Leroy,Leroy,M,253
Lon,Lonnie,Lonzo,Lonie,Lonnie,Lon,Lonzo,Lonie,M,255
Alonzo,Alonza,Alonzo,Alonza,Elonzo,M,258
Anthony,Anthony,M,258
Dave,Dave,M,266
Garfield,Garfield,M,269
Bernard,Bernard,M,270
Alvin,Alvie,Elvin,Albin,Alvia,Alvin,Elvin,Alvis,Alvie,Albin,M,278
Rufus,Rufus,M,284
Clinton,Clifton,Clint,Clinton,Clifton,Clint,M,288
Gilbert,Wilbert,Wilber,Gilbert,Wilbert,Wilber,M,288
Emil,Emile,Emil,Emile,M,296
Matthew,Matt,Mat,Mattie,Matthew,Matt,Mat,M,299
Calvin,Cal,Calvin,Cal,M,301
Milton,Wilton,Milton,Wilton,M,304
Sidney,Sydney,Sid,Sidney,Sid,Sydney,M,306
Warren,Warren,M,314
Julius,Junius,Julius,Junius,M,316
Moses,Mose,Moses,Mose,M,319
Willard,Millard,Willam,Dillard,Hillard,Willard,Millard,Willam,Dillard,M,322
Stephen,Stephen,M,323
Eddie,Edd,Addie,Eddie,Edd,Addie,M,345
Nathan,Nathaniel,Nat,Nathanial,Nathan,Nathaniel,Nat,M,346
Horace,Horace,M,351
Elijah,Eli,Eligah,Eliza,Eliga,Eli,Elijah,M,357
Marion,Marion,Marian,M,357
Philip,Phil,Philo,Philip,Phil,Philo,M,382
Homer,Homer,M,386
Christopher,Chris,Christian,Christ,Christopher,Christian,Chris,Christ,M,396
Allen,Allan,Alden,Allen,Allan,Alden,M,409
Gus,Gustave,Gustav,Gust,Guss,Gustaf,Gustavus,Gus,Gustave,Gust,Gustav,Guss,Gustaf,Gustavus,M,417
Irvin,Irving,Ervin,Irwin,Irven,Irvin,Irving,Ervin,Irwin,Erving,M,418
Guy,Guy,M,425
Theodore,Theo,Theadore,Theodore,Theo,M,432
Chester,Chester,M,442
Hugh,Hugh,M,443
Clyde,Clyde,M,453
Archie,Arch,Archibald,Archie,Arch,Archibald,M,466
Patrick,Pat,Patrick,Pat,M,468
Oliver,Oliver,M,472
Jack,Jackson,Jack,Jackson,M,475
Otto,Otto,M,492
Ira,Ira,M,535
Luther,Rutherford,Auther,Luther,Auther,Rutherford,M,536
Jerry,Perry,Berry,Terry,Perry,Jerry,Berry,M,552
Lawrence,Laurence,Lawrence,Laurence,M,554
Isaac,Issac,Isaac,Issac,M,565
August,Augustus,Angus,Augustine,Augustin,Augusta,August,Augustus,Angus,Augustine,Augustin,M,567
Paul,Paul,M,592
Floyd,Lloyd,Cloyd,Floyd,Lloyd,Cloyd,M,597
Edwin,Erwin,Edwin,Erwin,M,616
Eugene,Eugene,M,642
Ralph,Ralph,M,646
Raymond,Ray,Raymond,Ray,M,650
Michael,Michael,M,652
Herman,Hermann,Harman,Hermon,Herman,Hermann,M,678
Alexander,Alex,Alexander,Alex,M,681
Lee,Lee,M,703
Jim,Jimmie,Jim,Jimmie,M,712
Howard,Howard,M,716
Earl,Earle,Early,Earl,Earle,Early,M,718
Bert,Bertram,Bertrand,Bertie,Berton,Bert,Bertram,Bertie,Berton,Bertrand,Bertha,M,749
Jacob,Jacob,M,785
Claude,Claud,Claus,Claude,Claud,M,788
Elmer,Elmore,Elder,Elmer,Elder,Elmore,M,790
Herbert,Herbert,M,793
Harvey,Harley,Harve,Hervey,Harvey,Harley,Harve,M,794
Carl,Carlos,Carlton,Carleton,Carl,Carlos,Carlton,M,804
Tom,Tomas,Tommie,Tommy,Tom,Tomas,Tommie,Tommy,M,823
Martin,Marvin,Mart,Martin,Marvin,Mart,M,825
Leonard,Leo,Leon,Leonard,Leo,Leon,M,914
Roy,Royal,Roy,Royal,M,926
Alfred,Alf,Alfred,Alf,M,947
Lewis,Lew,Lewie,Lewis,Lew,M,990
Peter,Pete,Peter,Pete,M,1031
Oscar,Oscar,M,1074
Ernest,Ernest,M,1186
Andrew,Andres,Andre,Andrew,Andres,M,1258
Richard,Rich,Richard,Rich,M,1389
Charlie,Charlie,M,1398
Daniel,Dan,Danial,Daniel,Dan,Danial,M,1476
Joe,Joel,Joeseph,Joe,Joel,Joesph,M,1479
Clarence,Clark,Clara,Clarance,Clare,Clarence,Clark,Clara,Clarance,M,1547
Jesse,Jessie,Jess,Jessee,Jesse,Jessie,Jess,M,1596
Benjamin,Ben,Benjamine,Benjaman,Benjamin,Ben,Benjamine,Benjaman,M,1617
David,Davis,Davie,David,Davis,M,1655
Louis,Louie,Lou,Louis,Louie,Lou,Louise,M,1672
Samuel,Sam,Samual,Samuel,Sam,Samual,M,2894
Albert,Elbert,Al,Albertus,Almer,Albert,Elbert,Al,M,3016
Arthur,Arther,Art,Authur,Arthur,Arther,Art,Authur,M,3253
Walter,Walker,Walter,Walker,M,3479
Fred,Frederick,Fredrick,Frederic,Freddie,Fred,Frederick,Fredrick,Frederic,Freddie,Fredric,M,4131
Harry,Harrison,Hardy,Harris,Larry,Garry,Harrie,Harry,Harrison,Hardy,Harris,Larry,Harvy,M,4386
Robert,Roger,Robert,Roger,M,4609
Henry,Henry,M,4783
Thomas,Thomas,M,4816
Joseph,Jose,Joseph,Jose,M,5248
Edward,Ed,Edgar,Edward,Edgar,Ed,M,5718
Frank,Francis,Franklin,Francisco,Frances,Frank,Francis,Franklin,Francisco,Frances,M,6984
George,Geo,George,Geo,M,9815
Charles,Charley,Charles,Charley,M,10555
James,James,M,11368
John,Johnnie,Johnny,Johnie,Johnson,John,Johnnie,Johnie,Johnny,Johnson,Johnathan,M,18587
William,Will,Willie,Willis,Williams,Willian,William,Will,Willie,Willis,Willian,Williams,M,20509
